size,type,runtime,filter,runtime_log
2000,AnnSql In-Memory,0.004201173782348633,Filter1,-5.4723913207500665
2000,AnnData Not-Backed,0.0016896724700927734,Filter1,-6.383220573508541
2000,AnnSql On-Disk,0.013936758041381836,Filter1,-4.273225465877878
2000,AnnData Backed,0.025897979736328125,Filter1,-3.6535903157773686
2000,AnnSql In-Memory,0.005276679992675781,Filter2,-5.244458168300796
2000,AnnData Not-Backed,0.058063507080078125,Filter2,-2.8462179177993487
2000,AnnSql On-Disk,0.1330561637878418,Filter2,-2.0169839557781173
2000,AnnData Backed,0.0356600284576416,Filter2,-3.333724868520495
2000,AnnSql In-Memory,0.006110429763793945,Filter3,-5.097758170499069
2000,AnnData Not-Backed,0.0016627311706542969,Filter3,-6.399293745083201
2000,AnnSql On-Disk,0.11966371536254883,Filter3,-2.123069842174603
2000,AnnData Backed,0.04642987251281738,Filter3,-3.06981222274737
2000,AnnSql In-Memory,0.004499673843383789,Filter4,-5.403750364080658
2000,AnnData Not-Backed,0.0018684864044189453,Filter4,-6.282626585265932
2000,AnnSql On-Disk,0.13303828239440918,Filter4,-2.0171183546257154
2000,AnnData Backed,0.059966325759887695,Filter4,-2.813972111647867
2000,AnnSql In-Memory,0.0056116580963134766,Filter5,-5.182909042276841
2000,AnnData Not-Backed,0.0017077922821044922,Filter5,-6.372553805704346
2000,AnnSql On-Disk,0.11384391784667969,Filter5,-2.1729269104143127
2000,AnnData Backed,0.055487871170043945,Filter5,-2.891590819589228
2000,AnnSql In-Memory,0.006941795349121094,Filter6,-4.970194842080648
2000,AnnData Not-Backed,0.001459360122680664,Filter6,-6.529757211467727
2000,AnnSql On-Disk,0.11531662940979004,Filter6,-2.1600736347886698
2000,AnnData Backed,0.015976428985595703,Filter6,-4.13664083135158
4000,AnnSql In-Memory,0.0051877498626708984,Filter1,-5.261455228287275
4000,AnnData Not-Backed,0.0014793872833251953,Filter1,-6.516127274680089
4000,AnnSql On-Disk,0.018889665603637695,Filter1,-3.9691402999209227
4000,AnnData Backed,0.05497598648071289,Filter1,-2.9008587985329046
4000,AnnSql In-Memory,0.004335165023803711,Filter2,-5.440995601699402
4000,AnnData Not-Backed,0.0024662017822265625,Filter2,-6.005076051867103
4000,AnnSql On-Disk,0.12245035171508789,Filter2,-2.100049623272137
4000,AnnData Backed,0.0756983757019043,Filter2,-2.580998575811155
4000,AnnSql In-Memory,0.004328250885009766,Filter3,-5.442591771232224
4000,AnnData Not-Backed,0.0038399696350097656,Filter3,-5.562290819963307
4000,AnnSql On-Disk,0.12901043891906738,Filter3,-2.047861956041226
4000,AnnData Backed,0.09168791770935059,Filter3,-2.389364667295443
4000,AnnSql In-Memory,0.0047037601470947266,Filter4,-5.359393058823827
4000,AnnData Not-Backed,0.0019702911376953125,Filter4,-6.229573961519322
4000,AnnSql On-Disk,0.1308450698852539,Filter4,-2.0337413283218084
4000,AnnData Backed,0.10675907135009766,Filter4,-2.237180652965309
4000,AnnSql In-Memory,0.006127834320068359,Filter5,-5.09491388345171
4000,AnnData Not-Backed,0.0028498172760009766,Filter5,-5.860500400440816
4000,AnnSql On-Disk,0.1365058422088623,Filter5,-1.9913878652080939
4000,AnnData Backed,0.10608363151550293,Filter5,-2.243527519387117
4000,AnnSql In-Memory,0.005818367004394531,Filter6,-5.146735640047054
4000,AnnData Not-Backed,0.0014951229095458984,Filter6,-6.505546861775776
4000,AnnSql On-Disk,0.12981843948364258,Filter6,-2.0416184240649726
4000,AnnData Backed,0.027342796325683594,Filter6,-3.5993021732646167
6000,AnnSql In-Memory,0.007090091705322266,Filter1,-4.949057004061628
6000,AnnData Not-Backed,0.0017402172088623047,Filter1,-6.353745340867165
6000,AnnSql On-Disk,0.023482799530029297,Filter1,-3.751487060719515
6000,AnnData Backed,0.10660910606384277,Filter1,-2.23858634816097
6000,AnnSql In-Memory,0.005484104156494141,Filter2,-5.20590152466627
6000,AnnData Not-Backed,0.0016663074493408203,Filter2,-6.397145208841668
6000,AnnSql On-Disk,0.1492476463317871,Filter2,-1.9021482968050485
6000,AnnData Backed,0.09985113143920898,Filter2,-2.304074887795339
6000,AnnSql In-Memory,0.005576133728027344,Filter3,-5.1892596230232355
6000,AnnData Not-Backed,0.001983642578125,Filter3,-6.222820438503542
6000,AnnSql On-Disk,0.14068102836608887,Filter3,-1.9612601614365612
6000,AnnData Backed,0.1218864917755127,Filter3,-2.1046650626179026
6000,AnnSql In-Memory,0.006079673767089844,Filter4,-5.102804241172279
6000,AnnData Not-Backed,0.0022706985473632812,Filter4,-6.087667764712044
6000,AnnSql On-Disk,0.13507342338562012,Filter4,-2.0019367714606413
6000,AnnData Backed,0.15364789962768555,Filter4,-1.8730916603481782
6000,AnnSql In-Memory,0.006051540374755859,Filter5,-5.107442431948687
6000,AnnData Not-Backed,0.0020613670349121094,Filter5,-6.18438590709122
6000,AnnSql On-Disk,0.15070128440856934,Filter5,-1.8924556504359786
6000,AnnData Backed,0.149153470993042,Filter5,-1.902779496464863
6000,AnnSql In-Memory,0.010708808898925781,Filter6,-4.536688614626367
6000,AnnData Not-Backed,0.002409696578979492,Filter6,-6.028254440244134
6000,AnnSql On-Disk,0.14226341247558594,Filter6,-1.9500749223672076
6000,AnnData Backed,0.03914237022399902,Filter6,-3.2405497612596235
8000,AnnSql In-Memory,0.0065615177154541016,Filter1,-5.026533343722395
8000,AnnData Not-Backed,0.001734018325805664,Filter1,-6.357313832164256
8000,AnnSql On-Disk,0.018027305603027344,Filter1,-4.015867692588741
8000,AnnData Backed,0.14063715934753418,Filter1,-1.9615720432901083
8000,AnnSql In-Memory,0.007455587387084961,Filter2,-4.898791542845145
8000,AnnData Not-Backed,0.0020263195037841797,Filter2,-6.20153418382017
8000,AnnSql On-Disk,0.1470801830291748,Filter2,-1.9167773781306479
8000,AnnData Backed,0.13734936714172363,Filter2,-1.9852274740836235
8000,AnnSql In-Memory,0.006330013275146484,Filter3,-5.062452945648712
8000,AnnData Not-Backed,0.002353191375732422,Filter3,-6.051982839891269
8000,AnnSql On-Disk,0.14235663414001465,Filter3,-1.9494198619182288
8000,AnnData Backed,0.16410565376281738,Filter3,-1.8072448283240892
8000,AnnSql In-Memory,0.006459951400756836,Filter4,-5.042133484318582
8000,AnnData Not-Backed,0.0026144981384277344,Filter4,-5.946683116354803
8000,AnnSql On-Disk,0.1429903507232666,Filter4,-1.94497812845861
8000,AnnData Backed,0.20707440376281738,Filter4,-1.574677111831582
8000,AnnSql In-Memory,0.0065462589263916016,Filter5,-5.028861548782948
8000,AnnData Not-Backed,0.002331256866455078,Filter5,-6.061347729180206
8000,AnnSql On-Disk,0.14521312713623047,Filter5,-1.9295527734036182
8000,AnnData Backed,0.20418715476989746,Filter5,-1.5887182803727031
8000,AnnSql In-Memory,0.007774829864501953,Filter6,-4.856863703535432
8000,AnnData Not-Backed,0.0016779899597167969,Filter6,-6.390158654437267
8000,AnnSql On-Disk,0.14272117614746094,Filter6,-1.9468623692408618
8000,AnnData Backed,0.05127978324890137,Filter6,-2.9704586931941512
10000,AnnSql In-Memory,0.006915569305419922,Filter1,-4.973979988198601
10000,AnnData Not-Backed,0.0017704963684082031,Filter1,-6.336495337581772
10000,AnnSql On-Disk,0.020162343978881836,Filter1,-3.9039385737439196
10000,AnnData Backed,0.23863530158996582,Filter1,-1.4328188272448301
10000,AnnSql In-Memory,0.006571054458618164,Filter2,-5.025080963379221
10000,AnnData Not-Backed,0.0029740333557128906,Filter2,-5.817836215232729
10000,AnnSql On-Disk,0.1424236297607422,Filter2,-1.9489493544396148
10000,AnnData Backed,0.17818379402160645,Filter2,-1.7249397107206552
10000,AnnSql In-Memory,0.006379127502441406,Filter3,-5.0547239460804985
10000,AnnData Not-Backed,0.002420186996459961,Filter3,-6.023910470534366
10000,AnnSql On-Disk,0.13437771797180176,Filter3,-2.0071006535378713
10000,AnnData Backed,0.20920825004577637,Filter3,-1.5644251114036754
10000,AnnSql In-Memory,0.006441593170166016,Filter4,-5.04497938278917
10000,AnnData Not-Backed,0.0029096603393554688,Filter4,-5.839718926482236
10000,AnnSql On-Disk,0.14509916305541992,Filter4,-1.930337887162249
10000,AnnData Backed,0.25191330909729004,Filter4,-1.3786702621749407
10000,AnnSql In-Memory,0.006756782531738281,Filter5,-4.997208459074125
10000,AnnData Not-Backed,0.0025000572204589844,Filter5,-5.991441659186319
10000,AnnSql On-Disk,0.14069414138793945,Filter5,-1.961166954762557
10000,AnnData Backed,0.24242329597473145,Filter5,-1.417069923898498
10000,AnnSql In-Memory,0.008583784103393555,Filter6,-4.757880425019246
10000,AnnData Not-Backed,0.0016040802001953125,Filter6,-6.4352047706660125
10000,AnnSql On-Disk,0.14915895462036133,Filter6,-1.9027427321409587
10000,AnnData Backed,0.07072901725769043,Filter6,-2.6488993623091415
12000,AnnSql In-Memory,0.006891489028930664,Filter1,-4.97746810280222
12000,AnnData Not-Backed,0.0019845962524414062,Filter1,-6.222339784805272
12000,AnnSql On-Disk,0.018626689910888672,Filter1,-3.9831597853620133
12000,AnnData Backed,0.39019107818603516,Filter1,-0.9411187157750939
12000,AnnSql In-Memory,0.0076999664306640625,Filter2,-4.86653930978602
12000,AnnData Not-Backed,0.0030732154846191406,Filter2,-5.785030876385564
12000,AnnSql On-Disk,0.13588833808898926,Filter2,-1.995921773950189
12000,AnnData Backed,0.24879860877990723,Filter2,-1.3911115098533766
12000,AnnSql In-Memory,0.007061481475830078,Filter3,-4.953100408721348
12000,AnnData Not-Backed,0.0027608871459960938,Filter3,-5.892203221191811
12000,AnnSql On-Disk,0.1430971622467041,Filter3,-1.9442314231774773
12000,AnnData Backed,0.27924609184265137,Filter3,-1.2756618363226984
12000,AnnSql In-Memory,0.007430315017700195,Filter4,-4.902187023075846
12000,AnnData Not-Backed,0.003527402877807617,Filter4,-5.647193407484487
12000,AnnSql On-Disk,0.1407768726348877,Filter4,-1.9605791056043205
12000,AnnData Backed,0.3120129108428955,Filter4,-1.1647107111221044
12000,AnnSql In-Memory,0.007554054260253906,Filter5,-4.885670871734627
12000,AnnData Not-Backed,0.002849102020263672,Filter5,-5.86075141495914
12000,AnnSql On-Disk,0.14056992530822754,Filter5,-1.9620502249879135
12000,AnnData Backed,0.3080272674560547,Filter5,-1.1775669692256976
12000,AnnSql In-Memory,0.009903907775878906,Filter6,-4.614825874888694
12000,AnnData Not-Backed,0.0019419193267822266,Filter6,-6.244078451282651
12000,AnnSql On-Disk,0.1492166519165039,Filter6,-1.902355989420725
12000,AnnData Backed,0.09774184226989746,Filter6,-2.3254255386386395
14000,AnnSql In-Memory,0.009123086929321289,Filter1,-4.6969470530747754
14000,AnnData Not-Backed,0.0020148754119873047,Filter1,-6.207197915774315
14000,AnnSql On-Disk,0.021416425704956055,Filter1,-3.8435970950686684
14000,AnnData Backed,0.5360784530639648,Filter1,-0.6234747609653846
14000,AnnSql In-Memory,0.008463382720947266,Filter2,-4.772006336470505
14000,AnnData Not-Backed,0.0025780200958251953,Filter2,-5.96073357937326
14000,AnnSql On-Disk,0.15016794204711914,Filter2,-1.8960009975383478
14000,AnnData Backed,0.35114026069641113,Filter2,-1.0465695322126576
14000,AnnSql In-Memory,0.0069234371185302734,Filter3,-4.972842939234679
14000,AnnData Not-Backed,0.0029811859130859375,Filter3,-5.815434100217484
14000,AnnSql On-Disk,0.14104318618774414,Filter3,-1.958689150480188
14000,AnnData Backed,0.3120286464691162,Filter3,-1.1646602797813077
14000,AnnSql In-Memory,0.0068264007568359375,Filter4,-4.986957719872935
14000,AnnData Not-Backed,0.003777742385864258,Filter4,-5.578628700193776
14000,AnnSql On-Disk,0.16075682640075684,Filter4,-1.8278624508204508
14000,AnnData Backed,0.3901336193084717,Filter4,-0.9412659849256201
14000,AnnSql In-Memory,0.007450580596923828,Filter5,-4.899463317154249
14000,AnnData Not-Backed,0.0032744407653808594,Filter5,-5.7216081831381755
14000,AnnSql On-Disk,0.14736175537109375,Filter5,-1.9148647944186885
14000,AnnData Backed,0.37037134170532227,Filter5,-0.9932491504093522
14000,AnnSql In-Memory,0.009531259536743164,Filter6,-4.653178404598621
14000,AnnData Not-Backed,0.0020771026611328125,Filter6,-6.176781307706
14000,AnnSql On-Disk,0.15362048149108887,Filter6,-1.873270124117015
14000,AnnData Backed,0.09757471084594727,Filter6,-2.3271369293229007
16000,AnnSql In-Memory,0.008287906646728516,Filter1,-4.792957857195372
16000,AnnData Not-Backed,0.002689838409423828,Filter1,-5.918274158018876
16000,AnnSql On-Disk,0.02526378631591797,Filter1,-3.6783832795509324
16000,AnnData Backed,0.7641422748565674,Filter1,-0.2690012835188346
16000,AnnSql In-Memory,0.00913095474243164,Filter2,-4.696085017834685
16000,AnnData Not-Backed,0.0031881332397460938,Filter2,-5.748319724778807
16000,AnnSql On-Disk,0.15161681175231934,Filter2,-1.8863989164584654
16000,AnnData Backed,0.52834153175354,Filter2,-0.6380123639446743
16000,AnnSql In-Memory,0.011623382568359375,Filter3,-4.454736471093306
16000,AnnData Not-Backed,0.004244565963745117,Filter3,-5.462115710913934
16000,AnnSql On-Disk,0.16366219520568848,Filter3,-1.8099507607644472
16000,AnnData Backed,0.34184908866882324,Filter3,-1.0733859005061765
16000,AnnSql In-Memory,0.007294416427612305,Filter4,-4.920646096422156
16000,AnnData Not-Backed,0.003749847412109375,Filter4,-5.586040129931849
16000,AnnSql On-Disk,0.1441638469696045,Filter4,-1.9368048000619233
16000,AnnData Backed,0.46097850799560547,Filter4,-0.7744038574722413
16000,AnnSql In-Memory,0.007367372512817383,Filter5,-4.9106941474970665
16000,AnnData Not-Backed,0.0033397674560546875,Filter5,-5.701854098353109
16000,AnnSql On-Disk,0.1826620101928711,Filter5,-1.700117772672015
16000,AnnData Backed,0.40185093879699707,Filter5,-0.9116740581385135
16000,AnnSql In-Memory,0.009974241256713867,Filter6,-4.6077493835890975
16000,AnnData Not-Backed,0.002135038375854492,Filter6,-6.149270657823985
16000,AnnSql On-Disk,0.1537156105041504,Filter6,-1.8726510688314355
16000,AnnData Backed,0.10924506187438965,Filter6,-2.2141616462624185
18000,AnnSql In-Memory,0.006875514984130859,Filter1,-4.979788731452205
18000,AnnData Not-Backed,0.0022830963134765625,Filter1,-6.082222725080988
18000,AnnSql On-Disk,0.02017688751220703,Filter1,-3.9032175122155888
18000,AnnData Backed,0.9054257869720459,Filter1,-0.0993499630825214
18000,AnnSql In-Memory,0.0070765018463134766,Filter2,-4.950975582882695
18000,AnnData Not-Backed,0.004459857940673828,Filter2,-5.412638365324301
18000,AnnSql On-Disk,0.140272855758667,Filter2,-1.9641657834454156
18000,AnnData Backed,0.4865572452545166,Filter2,-0.7204007167459502
18000,AnnSql In-Memory,0.007333040237426758,Filter3,-4.915365082714281
18000,AnnData Not-Backed,0.0035507678985595703,Filter3,-5.640591389432929
18000,AnnSql On-Disk,0.1465928554534912,Filter3,-1.9200962256865373
18000,AnnData Backed,0.3884096145629883,Filter3,-0.9456947885897111
18000,AnnSql In-Memory,0.007124662399291992,Filter4,-4.944192936505521
18000,AnnData Not-Backed,0.004553794860839844,Filter4,-5.391794358284075
18000,AnnSql On-Disk,0.13959288597106934,Filter4,-1.969025050045001
18000,AnnData Backed,0.4514179229736328,Filter4,-0.7953617100842496
18000,AnnSql In-Memory,0.007416725158691406,Filter5,-4.904017672503963
18000,AnnData Not-Backed,0.003706693649291992,Filter5,-5.597614999369056
18000,AnnSql On-Disk,0.1487116813659668,Filter5,-1.9057458720044833
18000,AnnData Backed,0.4485969543457031,Filter5,-0.8016304461618244
18000,AnnSql In-Memory,0.01453852653503418,Filter6,-4.230953150730298
18000,AnnData Not-Backed,0.0022606849670410156,Filter6,-6.0920874288567335
18000,AnnSql On-Disk,0.14359378814697266,Filter6,-1.9407668813331072
18000,AnnData Backed,0.11999034881591797,Filter6,-2.120343965968495
20000,AnnSql In-Memory,0.007885217666625977,Filter1,-4.842765453795839
20000,AnnData Not-Backed,0.002537250518798828,Filter1,-5.9766742571624825
20000,AnnSql On-Disk,0.020156383514404297,Filter1,-3.904234241037584
20000,AnnData Backed,1.167330265045166,Filter1,0.1547193167327865
20000,AnnSql In-Memory,0.008503437042236328,Filter2,-4.767284839306338
20000,AnnData Not-Backed,0.0033719539642333984,Filter2,-5.692262891298297
20000,AnnSql On-Disk,0.16344523429870605,Filter2,-1.81127730317363
20000,AnnData Backed,0.6007537841796875,Filter2,-0.5095701052931175
20000,AnnSql In-Memory,0.0074880123138427734,Filter3,-4.894451895331332
20000,AnnData Not-Backed,0.0039014816284179688,Filter3,-5.546398893269507
20000,AnnSql On-Disk,0.15262770652770996,Filter3,-1.8797536135212105
20000,AnnData Backed,0.459850549697876,Filter3,-0.7768537342489629
20000,AnnSql In-Memory,0.007837057113647461,Filter4,-4.848891883245294
20000,AnnData Not-Backed,0.004433155059814453,Filter4,-5.418643745302994
20000,AnnSql On-Disk,0.16457676887512207,Filter4,-1.8043781375460695
20000,AnnData Backed,0.5249741077423096,Filter4,-0.6444063361927918
20000,AnnSql In-Memory,0.007875442504882812,Filter5,-4.844005904752871
20000,AnnData Not-Backed,0.0039904117584228516,Filter5,-5.523860855805159
20000,AnnSql On-Disk,0.1553034782409668,Filter5,-1.8623741521628694
20000,AnnData Backed,0.5312304496765137,Filter5,-0.6325593600295849
20000,AnnSql In-Memory,0.013958215713500977,Filter6,-4.271687004035972
20000,AnnData Not-Backed,0.0023190975189208984,Filter6,-6.066577169449356
20000,AnnSql On-Disk,0.17705392837524414,Filter6,-1.7313009127277346
20000,AnnData Backed,0.14241504669189453,Filter6,-1.949009620615242
22000,AnnSql In-Memory,0.008145570755004883,Filter1,-4.810280965103918
22000,AnnData Not-Backed,0.0032422542572021484,Filter1,-5.731486432709838
22000,AnnSql On-Disk,0.030474424362182617,Filter1,-3.4908674926469274
22000,AnnData Backed,1.6458094120025635,Filter1,0.4982323069740489
22000,AnnSql In-Memory,0.009870052337646484,Filter2,-4.618250122851061
22000,AnnData Not-Backed,0.004913330078125,Filter2,-5.315803343414717
22000,AnnSql On-Disk,0.25542306900024414,Filter2,-1.3648340144813749
22000,AnnData Backed,0.842526912689209,Filter2,-0.17134967342105556
22000,AnnSql In-Memory,0.007391452789306641,Filter3,-4.907430974803558
22000,AnnData Not-Backed,0.004424333572387695,Filter3,-5.420635616974458
22000,AnnSql On-Disk,0.16206765174865723,Filter3,-1.8197414275350063
22000,AnnData Backed,0.6162796020507812,Filter3,-0.48405451899671764
22000,AnnSql In-Memory,0.007614850997924805,Filter4,-4.877654859743741
22000,AnnData Not-Backed,0.004748106002807617,Filter4,-5.350009476703052
22000,AnnSql On-Disk,0.14713549613952637,Filter4,-1.9164013743013513
22000,AnnData Backed,0.6543471813201904,Filter4,-0.42411721009259895
22000,AnnSql In-Memory,0.007646083831787109,Filter5,-4.873561679631596
22000,AnnData Not-Backed,0.00426793098449707,Filter5,-5.456626116128605
22000,AnnSql On-Disk,0.14674997329711914,Filter5,-1.9190250022356572
22000,AnnData Backed,0.6126546859741211,Filter5,-0.48995381991908926
22000,AnnSql In-Memory,0.010688543319702148,Filter6,-4.538582828926908
22000,AnnData Not-Backed,0.0025072097778320312,Filter6,-5.988584786469025
22000,AnnSql On-Disk,0.15393352508544922,Filter6,-1.8712344250477613
22000,AnnData Backed,0.19309544563293457,Filter6,-1.644570675362142
24000,AnnSql In-Memory,0.007174253463745117,Filter1,-4.937256569614495
24000,AnnData Not-Backed,0.0029060840606689453,Filter1,-5.840948787662961
24000,AnnSql On-Disk,0.020316123962402344,Filter1,-3.8963404243487028
24000,AnnData Backed,1.6869440078735352,Filter1,0.5229186126594538
24000,AnnSql In-Memory,0.008068561553955078,Filter2,-4.819780058690225
24000,AnnData Not-Backed,0.0035643577575683594,Filter2,-5.636771393499965
24000,AnnSql On-Disk,0.16494154930114746,Filter2,-1.8021641145014389
24000,AnnData Backed,0.8963444232940674,Filter2,-0.10943053887249898
24000,AnnSql In-Memory,0.007548332214355469,Filter3,-4.886428638883793
24000,AnnData Not-Backed,0.004766702651977539,Filter3,-5.346100481046964
24000,AnnSql On-Disk,0.15190625190734863,Filter3,-1.8844917121803175
24000,AnnData Backed,0.6265933513641357,Filter3,-0.4674575111744474
24000,AnnSql In-Memory,0.00721430778503418,Filter4,-4.931689032449148
24000,AnnData Not-Backed,0.00475311279296875,Filter4,-5.348955550731617
24000,AnnSql On-Disk,0.14355230331420898,Filter4,-1.941055827164417
24000,AnnData Backed,0.6805028915405273,Filter4,-0.38492320775853095
24000,AnnSql In-Memory,0.007237672805786133,Filter5,-4.928455559920927
24000,AnnData Not-Backed,0.0043718814849853516,Filter5,-5.432561816769632
24000,AnnSql On-Disk,0.1514601707458496,Filter5,-1.8874325879641392
24000,AnnData Backed,0.6731550693511963,Filter5,-0.39577956079538645
24000,AnnSql In-Memory,0.011032581329345703,Filter6,-4.506902445051169
24000,AnnData Not-Backed,0.002519369125366211,Filter6,-5.983746755877766
24000,AnnSql On-Disk,0.1484839916229248,Filter6,-1.907278127069301
24000,AnnData Backed,0.17675566673278809,Filter6,-1.7329869139964011
26000,AnnSql In-Memory,0.0064122676849365234,Filter1,-5.0495422976114535
26000,AnnData Not-Backed,0.0029397010803222656,Filter1,-5.829447376160407
26000,AnnSql On-Disk,0.017806053161621094,Filter1,-4.028216814233571
26000,AnnData Backed,1.945535659790039,Filter1,0.6655373426448522
26000,AnnSql In-Memory,0.006272077560424805,Filter2,-5.0716476298713316
26000,AnnData Not-Backed,0.003942251205444336,Filter2,-5.536003346902904
26000,AnnSql On-Disk,0.14565706253051758,Filter2,-1.9265003070130615
26000,AnnData Backed,0.9932224750518799,Filter2,-0.006800596675561527
26000,AnnSql In-Memory,0.007281303405761719,Filter3,-4.922445393546173
26000,AnnData Not-Backed,0.004606485366821289,Filter3,-5.380290106057413
26000,AnnSql On-Disk,0.14328813552856445,Filter3,-1.9428977422123512
26000,AnnData Backed,0.6930437088012695,Filter3,-0.36666220991787635
26000,AnnSql In-Memory,0.006644725799560547,Filter4,-5.013931851842803
26000,AnnData Not-Backed,0.005150318145751953,Filter4,-5.268696790340377
26000,AnnSql On-Disk,0.14991235733032227,Filter4,-1.8977044401110856
26000,AnnData Backed,0.7456152439117432,Filter4,-0.2935455706591553
26000,AnnSql In-Memory,0.006607770919799805,Filter5,-5.019508910464892
26000,AnnData Not-Backed,0.004754066467285156,Filter5,-5.348754928802967
26000,AnnSql On-Disk,0.14342427253723145,Filter5,-1.9419481005849357
26000,AnnData Backed,0.7160356044769287,Filter5,-0.3340253863347491
26000,AnnSql In-Memory,0.009876012802124023,Filter6,-4.617646411213691
26000,AnnData Not-Backed,0.002510547637939453,Filter6,-5.987254367190776
26000,AnnSql On-Disk,0.14550113677978516,Filter6,-1.927571379481625
26000,AnnData Backed,0.1946260929107666,Filter6,-1.6366750333741635
28000,AnnSql In-Memory,0.00795435905456543,Filter1,-4.834035191831845
28000,AnnData Not-Backed,0.0035049915313720703,Filter1,-5.653567174654831
28000,AnnSql On-Disk,0.03063225746154785,Filter1,-3.4857016598559203
28000,AnnData Backed,3.3486995697021484,Filter1,1.2085720823238388
28000,AnnSql In-Memory,0.007420778274536133,Filter2,-4.903471338551788
28000,AnnData Not-Backed,0.004434347152709961,Filter2,-5.41837487750367
28000,AnnSql On-Disk,0.15140151977539062,Filter2,-1.887819899882601
28000,AnnData Backed,1.2437162399291992,Filter2,0.2181038653467483
28000,AnnSql In-Memory,0.009191274642944336,Filter3,-4.689500653326542
28000,AnnData Not-Backed,0.006445407867431641,Filter3,-5.0443873602750235
28000,AnnSql On-Disk,0.1651456356048584,Filter3,-1.800927554349766
28000,AnnData Backed,0.9650096893310547,Filter3,-0.03561713693598957
28000,AnnSql In-Memory,0.015845060348510742,Filter4,-4.144897477168012
28000,AnnData Not-Backed,0.008703231811523438,Filter4,-4.744060849711558
28000,AnnSql On-Disk,0.22067761421203613,Filter4,-1.511052401711043
28000,AnnData Backed,0.8870890140533447,Filter4,-0.1198099476452942
28000,AnnSql In-Memory,0.011901140213012695,Filter5,-4.43112106723518
28000,AnnData Not-Backed,0.012840032577514648,Filter5,-4.355187443533926
28000,AnnSql On-Disk,0.15856337547302246,Filter5,-1.8416009203259516
28000,AnnData Backed,0.7529115676879883,Filter5,-0.2838074980682504
28000,AnnSql In-Memory,0.012208700180053711,Filter6,-4.405606451886354
28000,AnnData Not-Backed,0.002749919891357422,Filter6,-5.896183498143439
28000,AnnSql On-Disk,0.15691328048706055,Filter6,-1.852061979822869
28000,AnnData Backed,0.20823073387145996,Filter6,-1.5691085166376695
30000,AnnSql In-Memory,0.0067386627197265625,Filter1,-4.999893783279815
30000,AnnData Not-Backed,0.0037374496459960938,Filter1,-5.589351812999275
30000,AnnSql On-Disk,0.01827716827392578,Filter1,-4.002102633384251
30000,AnnData Backed,2.8448734283447266,Filter1,1.045518577430354
30000,AnnSql In-Memory,0.006627798080444336,Filter2,-5.01648264451007
30000,AnnData Not-Backed,0.004298686981201172,Filter2,-5.4494456561214335
30000,AnnSql On-Disk,0.14835762977600098,Filter2,-1.9081295026544431
30000,AnnData Backed,1.302213191986084,Filter2,0.26406527230692745
30000,AnnSql In-Memory,0.0068607330322265625,Filter3,-4.981940986943337
30000,AnnData Not-Backed,0.005759239196777344,Filter3,-5.156949896891005
30000,AnnSql On-Disk,0.1570580005645752,Filter3,-1.8511401115088053
30000,AnnData Backed,0.8482129573822021,Filter3,-0.16462354572939425
30000,AnnSql In-Memory,0.007166385650634766,Filter4,-4.938353844824757
30000,AnnData Not-Backed,0.006299734115600586,Filter4,-5.067247850348181
30000,AnnSql On-Disk,0.15773677825927734,Filter4,-1.8468275955946691
30000,AnnData Backed,0.8502101898193359,Filter4,-0.1622716779265688
30000,AnnSql In-Memory,0.007015228271484375,Filter5,-4.959672025474695
30000,AnnData Not-Backed,0.006214141845703125,Filter5,-5.08092764147697
30000,AnnSql On-Disk,0.14147067070007324,Filter5,-1.9556628575875408
30000,AnnData Backed,0.8169407844543457,Filter5,-0.20218866599692867
30000,AnnSql In-Memory,0.011873245239257812,Filter6,-4.433467709306052
30000,AnnData Not-Backed,0.0027933120727539062,Filter6,-5.880527264371173
30000,AnnSql On-Disk,0.15438365936279297,Filter6,-1.868314480134716
30000,AnnData Backed,0.21686506271362305,Filter6,-1.5284799496714403
32000,AnnSql In-Memory,0.007291316986083984,Filter1,-4.9210710927507
32000,AnnData Not-Backed,0.0034155845642089844,Filter1,-5.6794066251444
32000,AnnSql On-Disk,0.020476579666137695,Filter1,-3.888473501247671
32000,AnnData Backed,3.474792242050171,Filter1,1.2455346907690914
32000,AnnSql In-Memory,0.0064618587493896484,Filter2,-5.041838270470909
32000,AnnData Not-Backed,0.004093647003173828,Filter2,-5.498319018427275
32000,AnnSql On-Disk,0.14324712753295898,Filter2,-1.9431839757142755
32000,AnnData Backed,1.531235933303833,Filter2,0.42607520885488137
32000,AnnSql In-Memory,0.007926464080810547,Filter3,-4.837548234223392
32000,AnnData Not-Backed,0.005141735076904297,Filter3,-5.270364692876779
32000,AnnSql On-Disk,0.15411591529846191,Filter3,-1.8700502629593752
32000,AnnData Backed,0.95033860206604,Filter3,-0.050936934663809476
32000,AnnSql In-Memory,0.0074803829193115234,Filter4,-4.895471295884712
32000,AnnData Not-Backed,0.005728721618652344,Filter4,-5.162262876348745
32000,AnnSql On-Disk,0.1428241729736328,Filter4,-1.9461409648758057
32000,AnnData Backed,0.9529144763946533,Filter4,-0.04823012080860925
32000,AnnSql In-Memory,0.0071375370025634766,Filter5,-4.942387519766375
32000,AnnData Not-Backed,0.007277488708496094,Filter5,-4.922969433909273
32000,AnnSql On-Disk,0.1441638469696045,Filter5,-1.9368048000619233
32000,AnnData Backed,0.9094574451446533,Filter5,-0.09490707140431566
32000,AnnSql In-Memory,0.012732744216918945,Filter6,-4.363578318795001
32000,AnnData Not-Backed,0.0028688907623291016,Filter6,-5.8538298178806345
32000,AnnSql On-Disk,0.1595325469970703,Filter6,-1.8355073211659505
32000,AnnData Backed,0.24509596824645996,Filter6,-1.4061054380062115
34000,AnnSql In-Memory,0.007660627365112305,Filter1,-4.871661397132685
34000,AnnData Not-Backed,0.006196260452270508,Filter1,-5.083809321760547
34000,AnnSql On-Disk,0.02030658721923828,Filter1,-3.8968099520125077
34000,AnnData Backed,3.509056568145752,Filter1,1.2553472173448208
34000,AnnSql In-Memory,0.0071680545806884766,Filter2,-4.938120988845128
34000,AnnData Not-Backed,0.004606723785400391,Filter2,-5.380238350241342
34000,AnnSql On-Disk,0.14422273635864258,Filter2,-1.9363963941702413
34000,AnnData Backed,1.5100584030151367,Filter2,0.41214832757234604
34000,AnnSql In-Memory,0.008516073226928711,Filter3,-4.76579993324096
34000,AnnData Not-Backed,0.0059163570404052734,Filter3,-5.130034384297256
34000,AnnSql On-Disk,0.14304852485656738,Filter3,-1.9445713716219044
34000,AnnData Backed,0.9638791084289551,Filter3,-0.03678939842963566
34000,AnnSql In-Memory,0.009254932403564453,Filter4,-4.682598636758124
34000,AnnData Not-Backed,0.006189107894897461,Filter4,-5.084964323043948
34000,AnnSql On-Disk,0.14497828483581543,Filter4,-1.9311713075296713
34000,AnnData Backed,1.0012831687927246,Filter4,0.0012823462352275145
34000,AnnSql In-Memory,0.008553028106689453,Filter5,-4.761469894209838
34000,AnnData Not-Backed,0.006325960159301758,Filter5,-5.063093452047415
34000,AnnSql On-Disk,0.1462845802307129,Filter5,-1.9222013747971578
34000,AnnData Backed,0.9598267078399658,Filter5,-0.041002523481329746
34000,AnnSql In-Memory,0.013750553131103516,Filter6,-4.28667622796205
34000,AnnData Not-Backed,0.003032207489013672,Filter6,-5.798464380491444
34000,AnnSql On-Disk,0.1522502899169922,Filter6,-1.8822294681772462
34000,AnnData Backed,0.2608163356781006,Filter6,-1.3439388140887087
36000,AnnSql In-Memory,0.007257699966430664,Filter1,-4.9256923093716045
36000,AnnData Not-Backed,0.0038132667541503906,Filter1,-5.569269041426962
36000,AnnSql On-Disk,0.01951432228088379,Filter1,-3.936606607065133
36000,AnnData Backed,4.092376947402954,Filter1,1.4091259619804295
36000,AnnSql In-Memory,0.007428169250488281,Filter2,-4.902475850278957
36000,AnnData Not-Backed,0.004743337631225586,Filter2,-5.3510142494577675
36000,AnnSql On-Disk,0.13617205619812012,Filter2,-1.9938360737311216
36000,AnnData Backed,1.7847776412963867,Filter2,0.5792938367697237
36000,AnnSql In-Memory,0.006986856460571289,Filter3,-4.963724543408267
36000,AnnData Not-Backed,0.0054149627685546875,Filter3,-5.21858927416599
36000,AnnSql On-Disk,0.14425349235534668,Filter3,-1.9361831634513171
36000,AnnData Backed,1.0870931148529053,Filter3,0.08350726670845571
36000,AnnSql In-Memory,0.007653713226318359,Filter4,-4.872564359845634
36000,AnnData Not-Backed,0.007577180862426758,Filter4,-4.882614066392119
36000,AnnSql On-Disk,0.1518247127532959,Filter4,-1.8850286291594782
36000,AnnData Backed,1.0749969482421875,Filter4,0.07231782273111985
36000,AnnSql In-Memory,0.00927877426147461,Filter5,-4.680025824800696
36000,AnnData Not-Backed,0.006062746047973633,Filter5,-5.10559243830933
36000,AnnSql On-Disk,0.14455628395080566,Filter5,-1.9340863389582457
36000,AnnData Backed,1.0243165493011475,Filter5,0.024025609023329418
36000,AnnSql In-Memory,0.013756275177001953,Filter6,-4.286260182468409
36000,AnnData Not-Backed,0.003021717071533203,Filter6,-5.801930042435335
36000,AnnSql On-Disk,0.14772796630859375,Filter6,-1.9123827620156721
36000,AnnData Backed,0.2673301696777344,Filter6,-1.3192707939769441
38000,AnnSql In-Memory,0.007520914077758789,Filter1,-4.890067595513887
38000,AnnData Not-Backed,0.003730297088623047,Filter1,-5.591267400073771
38000,AnnSql On-Disk,0.020070314407348633,Filter1,-3.9085134507585453
38000,AnnData Backed,4.753489971160889,Filter1,1.5588790790347475
38000,AnnSql In-Memory,0.0072689056396484375,Filter2,-4.924149529765101
38000,AnnData Not-Backed,0.005067348480224609,Filter2,-5.284937580386156
38000,AnnSql On-Disk,0.15108060836791992,Filter2,-1.8899417543527668
38000,AnnData Backed,2.0687639713287354,Filter2,0.7269513136328107
38000,AnnSql In-Memory,0.007230520248413086,Filter3,-4.929444288496629
38000,AnnData Not-Backed,0.005892515182495117,Filter3,-5.134072346577737
38000,AnnSql On-Disk,0.15024805068969727,Filter3,-1.8954676794300334
38000,AnnData Backed,1.188678503036499,Filter3,0.17284218840960397
38000,AnnSql In-Memory,0.007563591003417969,Filter4,-4.884409201115586
38000,AnnData Not-Backed,0.008748531341552734,Filter4,-4.738869439380132
38000,AnnSql On-Disk,0.1575167179107666,Filter4,-1.8482236808842958
38000,AnnData Backed,1.1688251495361328,Filter4,0.15599909862201214
38000,AnnSql In-Memory,0.009067296981811523,Filter5,-4.70308107671196
38000,AnnData Not-Backed,0.006325244903564453,Filter5,-5.063206525187011
38000,AnnSql On-Disk,0.145172119140625,Filter5,-1.9298352119668982
38000,AnnData Backed,1.0883476734161377,Filter5,0.08466065015982349
38000,AnnSql In-Memory,0.01612377166748047,Filter6,-4.127460594861939
38000,AnnData Not-Backed,0.004007577896118164,Filter6,-5.519568236085402
38000,AnnSql On-Disk,0.16184782981872559,Filter6,-1.8210987072958527
38000,AnnData Backed,0.2881309986114502,Filter6,-1.2443400459721974
40000,AnnSql In-Memory,0.0075795650482177734,Filter1,-4.882299462475851
40000,AnnData Not-Backed,0.0046155452728271484,Filter1,-5.378325265714848
40000,AnnSql On-Disk,0.024004697799682617,Filter1,-3.729505726135647
40000,AnnData Backed,5.29849100112915,Filter1,1.6674220632504773
40000,AnnSql In-Memory,0.007697582244873047,Filter2,-4.866848993601322
40000,AnnData Not-Backed,0.005422830581665039,Filter2,-5.217137352314692
40000,AnnSql On-Disk,0.14393067359924316,Filter2,-1.938423528670964
40000,AnnData Backed,2.3034486770629883,Filter2,0.8344074247301626
40000,AnnSql In-Memory,0.007240772247314453,Filter3,-4.928027414279002
40000,AnnData Not-Backed,0.0063817501068115234,Filter3,-5.054312907829471
40000,AnnSql On-Disk,0.1459980010986328,Filter3,-1.9241623484727794
40000,AnnData Backed,1.387587547302246,Filter3,0.32756666180268273
40000,AnnSql In-Memory,0.009044647216796875,Filter4,-4.70558216401361
40000,AnnData Not-Backed,0.010135889053344727,Filter4,-4.5916727818258165
40000,AnnSql On-Disk,0.15814590454101562,Filter4,-1.8442372256074213
40000,AnnData Backed,1.352442979812622,Filter4,0.30191257174635777
40000,AnnSql In-Memory,0.008776664733886719,Filter5,-4.7356588143600495
40000,AnnData Not-Backed,0.006994009017944336,Filter5,-4.962701350958836
40000,AnnSql On-Disk,0.1475837230682373,Filter5,-1.9133596502122205
40000,AnnData Backed,1.2191495895385742,Filter5,0.19815355793218434
40000,AnnSql In-Memory,0.014806509017944336,Filter6,-4.212688396385333
40000,AnnData Not-Backed,0.003919363021850586,Filter6,-5.541826132809287
40000,AnnSql On-Disk,0.15897107124328613,Filter6,-1.8390330351814597
40000,AnnData Backed,0.3460237979888916,Filter6,-1.0612477259749546
42000,AnnSql In-Memory,0.007562875747680664,Filter1,-4.884503771215743
42000,AnnData Not-Backed,0.004313230514526367,Filter1,-5.4460681162975355
42000,AnnSql On-Disk,0.020429134368896484,Filter1,-3.890793241637809
42000,AnnData Backed,5.845269203186035,Filter1,1.7656326508670392
42000,AnnSql In-Memory,0.007430076599121094,Filter2,-4.902219110868048
42000,AnnData Not-Backed,0.005460977554321289,Filter2,-5.210127465997954
42000,AnnSql On-Disk,0.14632964134216309,Filter2,-1.9218933849013546
42000,AnnData Backed,2.523745536804199,Filter2,0.925744122165565
42000,AnnSql In-Memory,0.007399320602416992,Filter3,-4.906367093471044
42000,AnnData Not-Backed,0.0066950321197509766,Filter3,-5.006389502277548
42000,AnnSql On-Disk,0.15518856048583984,Filter3,-1.8631143821593972
42000,AnnData Backed,1.385504961013794,Filter3,0.326064665981244
42000,AnnSql In-Memory,0.009086132049560547,Filter4,-4.701005978450891
42000,AnnData Not-Backed,0.0074307918548583984,Filter4,-4.902122850580155
42000,AnnSql On-Disk,0.15402626991271973,Filter4,-1.8706321072674488
42000,AnnData Backed,1.3385295867919922,Filter4,0.2915716881732625
42000,AnnSql In-Memory,0.008199453353881836,Filter5,-4.803687791094835
42000,AnnData Not-Backed,0.009619712829589844,Filter5,-4.643940866144071
42000,AnnSql On-Disk,0.1508650779724121,Filter5,-1.8913693649586718
42000,AnnData Backed,1.2362127304077148,Filter5,0.21205245620628319
42000,AnnSql In-Memory,0.014721393585205078,Filter6,-4.21845349725465
42000,AnnData Not-Backed,0.0033729076385498047,Filter6,-5.691980105859862
42000,AnnSql On-Disk,0.16700053215026855,Filter6,-1.7897582800419047
42000,AnnData Backed,0.33162355422973633,Filter6,-1.1037548261877546
44000,AnnSql In-Memory,0.007261037826538086,Filter1,-4.925232509048212
44000,AnnData Not-Backed,0.004142284393310547,Filter1,-5.486507857498931
44000,AnnSql On-Disk,0.020212173461914062,Filter1,-3.901470209464125
44000,AnnData Backed,6.598174095153809,Filter1,1.886792958507664
44000,AnnSql In-Memory,0.007148027420043945,Filter2,-4.940918845648112
44000,AnnData Not-Backed,0.005754947662353516,Filter2,-5.157695331140953
44000,AnnSql On-Disk,0.14518022537231445,Filter2,-1.929779374761897
44000,AnnData Backed,3.2210946083068848,Filter2,1.1697212422576238
44000,AnnSql In-Memory,0.00737452507019043,Filter3,-4.909723776092161
44000,AnnData Not-Backed,0.006707906723022461,Filter3,-5.004468340451417
44000,AnnSql On-Disk,0.1516096591949463,Filter3,-1.8864460927973385
44000,AnnData Backed,1.5766956806182861,Filter3,0.4553313157498952
44000,AnnSql In-Memory,0.008341550827026367,Filter4,-4.7865061294153515
44000,AnnData Not-Backed,0.01042318344116211,Filter4,-4.5637227767288495
44000,AnnSql On-Disk,0.15247106552124023,Filter4,-1.880780435223447
44000,AnnData Backed,1.5000500679016113,Filter4,0.4054984861521855
44000,AnnSql In-Memory,0.00777435302734375,Filter5,-4.856925036296346
44000,AnnData Not-Backed,0.009649276733398438,Filter5,-4.640872316347025
44000,AnnSql On-Disk,0.1481797695159912,Filter5,-1.9093290834274772
44000,AnnData Backed,1.319981575012207,Filter5,0.2776177781767756
44000,AnnSql In-Memory,0.014501810073852539,Filter6,-4.233481804667074
44000,AnnData Not-Backed,0.003541707992553711,Filter6,-5.643146184422089
44000,AnnSql On-Disk,0.1634671688079834,Filter6,-1.8111431112059848
44000,AnnData Backed,0.3390047550201416,Filter6,-1.0817411450919714
46000,AnnSql In-Memory,0.007395029067993164,Filter1,-4.906947252063994
46000,AnnData Not-Backed,0.004494428634643555,Filter1,-5.404916730451885
46000,AnnSql On-Disk,0.0211639404296875,Filter1,-3.8554564686442934
46000,AnnData Backed,7.802235126495361,Filter1,2.0544102473254884
46000,AnnSql In-Memory,0.0074307918548583984,Filter2,-4.902122850580155
46000,AnnData Not-Backed,0.0057489871978759766,Filter2,-5.158731579187092
46000,AnnSql On-Disk,0.14296650886535645,Filter2,-1.9451448798909745
46000,AnnData Backed,3.026905059814453,Filter2,1.1075406650992277
46000,AnnSql In-Memory,0.007386922836303711,Filter3,-4.908044026367486
46000,AnnData Not-Backed,0.00716090202331543,Filter3,-4.939119325034535
46000,AnnSql On-Disk,0.1444103717803955,Filter3,-1.9350962283687867
46000,AnnData Backed,1.608562707901001,Filter3,0.4753410522656034
46000,AnnSql In-Memory,0.008576631546020508,Filter4,-4.758714036271254
46000,AnnData Not-Backed,0.008213996887207031,Filter4,-4.801915642409733
46000,AnnSql On-Disk,0.14786720275878906,Filter4,-1.911440686670311
46000,AnnData Backed,1.6598842144012451,Filter4,0.5067478495750867
46000,AnnSql In-Memory,0.00853109359741211,Filter5,-4.7640377196690284
46000,AnnData Not-Backed,0.009173870086669922,Filter5,-4.691396043941879
46000,AnnSql On-Disk,0.14834141731262207,Filter5,-1.9082387882322307
46000,AnnData Backed,1.331977367401123,Filter5,0.2866645805332429
46000,AnnSql In-Memory,0.015204906463623047,Filter6,-4.18613710955716
46000,AnnData Not-Backed,0.004694223403930664,Filter6,-5.361422589176964
46000,AnnSql On-Disk,0.16260671615600586,Filter6,-1.8164207779489616
46000,AnnData Backed,0.34905385971069336,Filter6,-1.0525290428681084
48000,AnnSql In-Memory,0.007498025894165039,Filter1,-4.8931155071981145
48000,AnnData Not-Backed,0.00502324104309082,Filter1,-5.293679927491667
48000,AnnSql On-Disk,0.02043318748474121,Filter1,-3.89059486251131
48000,AnnData Backed,8.936891555786133,Filter1,2.1901878280284572
48000,AnnSql In-Memory,0.007257938385009766,Filter2,-4.925659459479185
48000,AnnData Not-Backed,0.005903005599975586,Filter2,-5.132293634058003
48000,AnnSql On-Disk,0.15241503715515137,Filter2,-1.8811479716000004
48000,AnnData Backed,3.4049596786499023,Filter2,1.2252330977251649
48000,AnnSql In-Memory,0.007115364074707031,Filter3,-4.945498878727392
48000,AnnData Not-Backed,0.007040739059448242,Filter3,-4.9560421342869425
48000,AnnSql On-Disk,0.1495821475982666,Filter3,-1.8999095547988425
48000,AnnData Backed,1.8489034175872803,Filter3,0.6145927160960121
48000,AnnSql In-Memory,0.007707118988037109,Filter4,-4.865610833349042
48000,AnnData Not-Backed,0.00893259048461914,Filter4,-4.7180488382977925
48000,AnnSql On-Disk,0.15337753295898438,Filter4,-1.8748528612774253
48000,AnnData Backed,1.761333703994751,Filter4,0.5660713084355983
48000,AnnSql In-Memory,0.007495403289794922,Filter5,-4.8934653410306135
48000,AnnData Not-Backed,0.008207559585571289,Filter5,-4.8026996487219415
48000,AnnSql On-Disk,0.15484881401062012,Filter5,-1.8653060315485348
48000,AnnData Backed,1.5697026252746582,Filter5,0.4508861907666695
48000,AnnSql In-Memory,0.015088796615600586,Filter6,-4.193802756526117
48000,AnnData Not-Backed,0.003570079803466797,Filter6,-5.635167329528167
48000,AnnSql On-Disk,0.15900564193725586,Filter6,-1.8388155935093313
48000,AnnData Backed,0.392139196395874,Filter6,-0.9361384093756013
50000,AnnSql In-Memory,0.007622480392456055,Filter1,-4.876653451429731
50000,AnnData Not-Backed,0.00714111328125,Filter1,-4.941886593041478
50000,AnnSql On-Disk,0.022503137588500977,Filter1,-3.7941005311159626
50000,AnnData Backed,11.31152081489563,Filter1,2.4258217474804207
50000,AnnSql In-Memory,0.007274150848388672,Filter2,-4.923428194608081
50000,AnnData Not-Backed,0.006411075592041016,Filter2,-5.049728223055887
50000,AnnSql On-Disk,0.14304161071777344,Filter2,-1.944619707009501
50000,AnnData Backed,3.633758068084717,Filter2,1.2902673932076352
50000,AnnSql In-Memory,0.007180452346801758,Filter3,-4.936392896959161
50000,AnnData Not-Backed,0.007154226303100586,Filter3,-4.940052005559159
50000,AnnSql On-Disk,0.1424417495727539,Filter3,-1.9488221377727208
50000,AnnData Backed,1.8289861679077148,Filter3,0.60376180672716
50000,AnnSql In-Memory,0.007991313934326172,Filter4,-4.829400085373978
50000,AnnData Not-Backed,0.009215116500854492,Filter4,-4.6869100454167185
50000,AnnSql On-Disk,0.1479182243347168,Filter4,-1.9110956962024903
50000,AnnData Backed,1.7257494926452637,Filter4,0.5456614446105391
50000,AnnSql In-Memory,0.007782697677612305,Filter5,-4.855852255699675
50000,AnnData Not-Backed,0.008417606353759766,Filter5,-4.777429772169569
50000,AnnSql On-Disk,0.15480637550354004,Filter5,-1.8655801332512214
50000,AnnData Backed,1.5262911319732666,Filter5,0.42284069577547484
50000,AnnSql In-Memory,0.015787601470947266,Filter6,-4.148530364029444
50000,AnnData Not-Backed,0.0036797523498535156,Filter6,-5.604909825301249
50000,AnnSql On-Disk,0.15928268432617188,Filter6,-1.8370747664916858
50000,AnnData Backed,0.38716936111450195,Filter6,-0.94889305606365
98000,AnnSql In-Memory,0.008118629455566406,Filter1,-4.813593925314849
98000,AnnData Not-Backed,3.6444613933563232,Filter1,1.293208588659129
98000,AnnSql On-Disk,0.026054859161376953,Filter1,-3.6475509960711103
98000,AnnData Backed,42.147873401641846,Filter1,3.7411842300704814
98000,AnnSql In-Memory,0.0070536136627197266,Filter2,-4.954215217208002
98000,AnnData Not-Backed,0.02049851417541504,Filter2,-3.887402874712569
98000,AnnSql On-Disk,0.1461954116821289,Filter2,-1.9228111160021095
98000,AnnData Backed,14.03160548210144,Filter2,2.6413123196488755
98000,AnnSql In-Memory,0.007333040237426758,Filter3,-4.915365082714281
98000,AnnData Not-Backed,0.023200511932373047,Filter3,-3.763580934502762
98000,AnnSql On-Disk,0.15799331665039062,Filter3,-1.845202546530899
98000,AnnData Backed,5.3736279010772705,Filter3,1.681503267207535
98000,AnnSql In-Memory,0.007016658782958984,Filter4,-4.9594681310912785
98000,AnnData Not-Backed,0.0255887508392334,Filter4,-3.6656024444124764
98000,AnnSql On-Disk,0.15296626091003418,Filter4,-1.8775378988350155
98000,AnnData Backed,3.502707004547119,Filter4,1.253536099423222
98000,AnnSql In-Memory,0.013015508651733398,Filter5,-4.341613659337445
98000,AnnData Not-Backed,0.016117334365844727,Filter5,-4.127859917497747
98000,AnnSql On-Disk,0.15374064445495605,Filter5,-1.8724882232203464
98000,AnnData Backed,2.78468918800354,Filter5,1.0241362649981363
98000,AnnSql In-Memory,0.029938220977783203,Filter6,-3.5086193213357872
98000,AnnData Not-Backed,0.007844924926757812,Filter6,-4.8478884624085365
98000,AnnSql On-Disk,0.16937661170959473,Filter6,-1.7756305717648415
98000,AnnData Backed,0.7158734798431396,Filter6,-0.3342518317651988
