size,type,runtime,filter,runtime_log,runtime_log10,size_log,size_log10
1000,AnnSql In-Memory,0.005598545074462891,Filter1,-5.18524852312864,-2.2519248208917544,6.907755278982137,3.0
1000,AnnData Not-Backed,0.0010287761688232422,Filter1,-6.879385368801269,-2.9876791045563578,6.907755278982137,3.0
1000,AnnSql On-Disk,0.017871618270874023,Filter1,-4.024541395943717,-1.7478361204495663,6.907755278982137,3.0
1000,AnnData Backed,0.016083955764770508,Filter1,-4.129933040213854,-1.7936071299947975,6.907755278982137,3.0
1000,AnnSql In-Memory,0.0062444210052490234,Filter2,-5.076066853033564,-2.2045078240444815,6.907755278982137,3.0
1000,AnnData Not-Backed,0.0006091594696044922,Filter2,-7.403430469680992,-3.2152690001368547,6.907755278982137,3.0
1000,AnnSql On-Disk,0.12304282188415527,Filter2,-2.0952228387986307,-0.9099437172479119,6.907755278982137,3.0
1000,AnnData Backed,0.02497267723083496,Filter2,-3.6899729625430107,-1.602534896004624,6.907755278982137,3.0
1000,AnnSql In-Memory,0.0062160491943359375,Filter3,-5.0806207518013995,-2.2064855571504984,6.907755278982137,3.0
1000,AnnData Not-Backed,0.0013680458068847656,Filter3,-6.594371975777487,-2.863899360697607,6.907755278982137,3.0
1000,AnnSql On-Disk,0.1295607089996338,Filter3,-2.0436057123287936,-0.8875266840503593,6.907755278982137,3.0
1000,AnnData Backed,0.03374481201171875,Filter3,-3.3889285916507434,-1.4717929869180766,6.907755278982137,3.0
1000,AnnSql In-Memory,0.007823705673217773,Filter4,-4.850596965410974,-2.1065874960146442,6.907755278982137,3.0
1000,AnnData Not-Backed,0.0007708072662353516,Filter4,-7.168072194593364,-3.1130541999960304,6.907755278982137,3.0
1000,AnnSql On-Disk,0.11881399154663086,Filter4,-2.1301961050268616,-0.9251324137849659,6.907755278982137,3.0
1000,AnnData Backed,0.04098033905029297,Filter4,-3.1946628626503877,-1.3874244527903095,6.907755278982137,3.0
1000,AnnSql In-Memory,0.02114415168762207,Filter5,-3.85639192767911,-1.6748097342472816,6.907755278982137,3.0
1000,AnnData Not-Backed,0.001260519027709961,Filter5,-6.676231716083347,-2.8994505942024746,6.907755278982137,3.0
1000,AnnSql On-Disk,0.12269973754882812,Filter5,-2.098015066233915,-0.9111563662152746,6.907755278982137,3.0
1000,AnnData Backed,0.04112076759338379,Filter5,-3.1912419908551817,-1.3859387870463529,6.907755278982137,3.0
1000,AnnSql In-Memory,0.020023822784423828,Filter6,-3.910832575050445,-1.6984530069918933,6.907755278982137,3.0
1000,AnnData Not-Backed,0.0016820430755615234,Filter6,-6.387746108031882,-2.7741628865172197,6.907755278982137,3.0
1000,AnnSql On-Disk,0.1494441032409668,Filter6,-1.9008328474309704,-0.8255212166597162,6.907755278982137,3.0
1000,AnnData Backed,0.01272726058959961,Filter6,-4.364009082845975,-1.8952650636556776,6.907755278982137,3.0
5000,AnnSql In-Memory,0.006072282791137695,Filter1,-5.1040206669927795,-2.216648011195119,8.517193191416238,3.6989700043360187
5000,AnnData Not-Backed,0.0008182525634765625,Filter1,-7.108339511710944,-3.0871126254309185,8.517193191416238,3.6989700043360187
5000,AnnSql On-Disk,0.01859903335571289,Filter1,-3.984645669736438,-1.730509626706222,8.517193191416238,3.6989700043360187
5000,AnnData Backed,0.048067569732666016,Filter1,-3.03514755519504,-1.3181478349833513,8.517193191416238,3.6989700043360187
5000,AnnSql In-Memory,0.005898237228393555,Filter2,-5.133101747561111,-2.229277764013729,8.517193191416238,3.6989700043360187
5000,AnnData Not-Backed,0.0007812976837158203,Filter2,-7.1545543236199824,-3.1071834632252107,8.517193191416238,3.6989700043360187
5000,AnnSql On-Disk,0.11445426940917969,Filter2,-2.167579929573083,-0.941368002497829,8.517193191416238,3.6989700043360187
5000,AnnData Backed,0.08992719650268555,Filter2,-2.4087548637584124,-1.0461089455878978,8.517193191416238,3.6989700043360187
5000,AnnSql In-Memory,0.005970954895019531,Filter3,-5.120848415453596,-2.2239562094945073,8.517193191416238,3.6989700043360187
5000,AnnData Not-Backed,0.0009987354278564453,Filter3,-6.909020651371762,-3.000549544246367,8.517193191416238,3.6989700043360187
5000,AnnSql On-Disk,0.11987638473510742,Filter3,-2.12129419435322,-0.9212663631010076,8.517193191416238,3.6989700043360187
5000,AnnData Backed,0.13174700736999512,Filter3,-2.0268718062778825,-0.8802592409917613,8.517193191416238,3.6989700043360187
5000,AnnSql In-Memory,0.0063877105712890625,Filter4,-5.053379357844756,-2.194654770075776,8.517193191416238,3.6989700043360187
5000,AnnData Not-Backed,0.0011777877807617188,Filter4,-6.744117362136828,-2.928932955683939,8.517193191416238,3.6989700043360187
5000,AnnSql On-Disk,0.11812257766723633,Filter4,-2.1360323998992423,-0.9276670844428011,8.517193191416238,3.6989700043360187
5000,AnnData Backed,0.17423510551452637,Filter4,-1.7473497106734002,-0.7588643373007012,8.517193191416238,3.6989700043360187
5000,AnnSql In-Memory,0.006685733795166016,Filter5,-5.00777930703772,-2.174850919635772,8.517193191416238,3.6989700043360187
5000,AnnData Not-Backed,0.0011208057403564453,Filter5,-6.793707441294666,-2.9504696534193338,8.517193191416238,3.6989700043360187
5000,AnnSql On-Disk,0.11902165412902832,Filter5,-2.1284498349538534,-0.9243740183283456,8.517193191416238,3.6989700043360187
5000,AnnData Backed,0.17255425453186035,Filter5,-1.7570435729361853,-0.7630743281897591,8.517193191416238,3.6989700043360187
5000,AnnSql In-Memory,0.007549285888671875,Filter6,-4.88630230447645,-2.122094127745265,8.517193191416238,3.6989700043360187
5000,AnnData Not-Backed,0.0011258125305175781,Filter6,-6.789250254673338,-2.948533921864878,8.517193191416238,3.6989700043360187
5000,AnnSql On-Disk,0.12044405937194824,Filter6,-2.1165698714202463,-0.9192146157204882,8.517193191416238,3.6989700043360187
5000,AnnData Backed,0.04368758201599121,Filter6,-3.130691381656738,-1.3596419915955886,8.517193191416238,3.6989700043360187
10000,AnnSql In-Memory,0.006348848342895508,Filter1,-5.059481845849395,-2.197305046942071,9.210340371976184,4.0
10000,AnnData Not-Backed,0.0009911060333251953,Filter1,-6.9166890330661595,-3.0038798801013717,9.210340371976184,4.0
10000,AnnSql On-Disk,0.019536495208740234,Filter1,-3.935471013412317,-1.7091533448151677,9.210340371976184,4.0
10000,AnnData Backed,0.0937657356262207,Filter1,-2.3669557815366074,-1.0279558348303475,9.210340371976184,4.0
10000,AnnSql In-Memory,0.006780385971069336,Filter2,-4.993721250763831,-2.1687455833697364,9.210340371976184,4.0
10000,AnnData Not-Backed,0.001088857650756836,Filter2,-6.822626159133798,-2.963028893000586,9.210340371976184,4.0
10000,AnnSql On-Disk,0.12083768844604492,Filter2,-2.1133070516929298,-0.9177975911174696,9.210340371976184,4.0
10000,AnnData Backed,0.15456843376159668,Filter2,-1.8671183437436951,-0.8108791937482257,9.210340371976184,4.0
10000,AnnSql In-Memory,0.006427288055419922,Filter3,-5.047202594020582,-2.1919722356309173,9.210340371976184,4.0
10000,AnnData Not-Backed,0.001131296157836914,Filter3,-6.784391261274768,-2.9464236878442747,9.210340371976184,4.0
10000,AnnSql On-Disk,0.11844801902770996,Filter3,-2.1332810726395226,-0.9264721981959948,9.210340371976184,4.0
10000,AnnData Backed,0.22369074821472168,Filter3,-1.497490769344351,-0.650351977827307,9.210340371976184,4.0
10000,AnnSql In-Memory,0.007359027862548828,Filter4,-4.91182743885802,-2.1331795527570203,9.210340371976184,4.0
10000,AnnData Not-Backed,0.002211332321166992,Filter4,-6.114160084843161,-2.6553459863205027,9.210340371976184,4.0
10000,AnnSql On-Disk,0.11883044242858887,Filter4,-2.130057655480966,-0.9250722859111613,9.210340371976184,4.0
10000,AnnData Backed,0.3004739284515381,Filter4,-1.2023942893313952,-0.522193204928607,9.210340371976184,4.0
10000,AnnSql In-Memory,0.0065038204193115234,Filter5,-5.035365517924775,-2.186831458800639,9.210340371976184,4.0
10000,AnnData Not-Backed,0.0012969970703125,Filter5,-6.647703632468809,-2.8870610049094063,9.210340371976184,4.0
10000,AnnSql On-Disk,0.12014555931091309,Filter5,-2.119051277025642,-0.9202922764822754,9.210340371976184,4.0
10000,AnnData Backed,0.3001844882965088,Filter5,-1.2033580323485964,-0.5226117532029502,9.210340371976184,4.0
10000,AnnSql In-Memory,0.008682489395141602,Filter6,-4.746446994752883,-2.06135573846745,9.210340371976184,4.0
10000,AnnData Not-Backed,0.0012726783752441406,Filter6,-6.666631642354328,-2.8952813351560973,9.210340371976184,4.0
10000,AnnSql On-Disk,0.13249564170837402,Filter6,-2.0212055268638274,-0.8777984071093151,9.210340371976184,4.0
10000,AnnData Backed,0.07758164405822754,Filter6,-2.5564244254156945,-1.1102410213607272,9.210340371976184,4.0
15000,AnnSql In-Memory,0.00893402099609375,Filter1,-4.717888705921353,-2.048953031215317,9.615805480084347,4.176091259055681
15000,AnnData Not-Backed,0.002554178237915039,Filter1,-5.970024736056239,-2.592748799695142,9.615805480084347,4.176091259055681
15000,AnnSql On-Disk,0.028577566146850586,Filter1,-3.5551332694191116,-1.5439747613393868,9.615805480084347,4.176091259055681
15000,AnnData Backed,0.1591792106628418,Filter1,-1.8377246003876684,-0.798113653206223,9.615805480084347,4.176091259055681
15000,AnnSql In-Memory,0.00667262077331543,Filter2,-5.009742576689726,-2.1757035568121266,9.615805480084347,4.176091259055681
15000,AnnData Not-Backed,0.0012295246124267578,Filter2,-6.701127678267838,-2.9102627732008717,9.615805480084347,4.176091259055681
15000,AnnSql On-Disk,0.11540532112121582,Filter2,-2.159304815735343,-0.9377741662209775,9.615805480084347,4.176091259055681
15000,AnnData Backed,0.24077630043029785,Filter2,-1.4238869905310099,-0.6183862628414454,9.615805480084347,4.176091259055681
15000,AnnSql In-Memory,0.01398015022277832,Filter3,-4.270116796684969,-1.8544881618826723,9.615805480084347,4.176091259055681
15000,AnnData Not-Backed,0.001382589340209961,Filter3,-6.583797204442356,-2.859306795859371,9.615805480084347,4.176091259055681
15000,AnnSql On-Disk,0.12747764587402344,Filter3,-2.0598142562333877,-0.8945659652278111,9.615805480084347,4.176091259055681
15000,AnnData Backed,0.34622740745544434,Filter3,-1.0606594728355656,-0.4606385562308982,9.615805480084347,4.176091259055681
15000,AnnSql In-Memory,0.007104396820068359,Filter4,-4.947041416171512,-2.1484727887901363,9.615805480084347,4.176091259055681
15000,AnnData Not-Backed,0.0016734600067138672,Filter4,-6.392861935588376,-2.776384662195373,9.615805480084347,4.176091259055681
15000,AnnSql On-Disk,0.12197327613830566,Filter4,-2.103953306290083,-0.9137353111038852,9.615805480084347,4.176091259055681
15000,AnnData Backed,0.46550869941711426,Filter4,-0.7646244941107156,-0.3320721985203493,9.615805480084347,4.176091259055681
15000,AnnSql In-Memory,0.006873369216918945,Filter5,-4.980100868378803,-2.162830326458507,9.615805480084347,4.176091259055681
15000,AnnData Not-Backed,0.0015597343444824219,Filter5,-6.463239764220468,-2.8069493648186237,9.615805480084347,4.176091259055681
15000,AnnSql On-Disk,0.1168978214263916,Filter5,-2.1464550468934114,-0.9321935825191943,9.615805480084347,4.176091259055681
15000,AnnData Backed,0.47278761863708496,Filter5,-0.7491090005489525,-0.32533390528247014,9.615805480084347,4.176091259055681
15000,AnnSql In-Memory,0.009690046310424805,Filter6,-4.636656073893276,-2.013674147375046,9.615805480084347,4.176091259055681
15000,AnnData Not-Backed,0.0014472007751464844,Filter6,-6.538124088265253,-2.839471213532329,9.615805480084347,4.176091259055681
15000,AnnSql On-Disk,0.12757658958435059,Filter6,-2.059038392110898,-0.8942290117207072,9.615805480084347,4.176091259055681
15000,AnnData Backed,0.11491107940673828,Filter6,-2.1635966722597306,-0.9396380958266395,9.615805480084347,4.176091259055681
20000,AnnSql In-Memory,0.006849527359008789,Filter1,-4.98357562777337,-2.1643393952895087,9.903487552536127,4.301029995663981
20000,AnnData Not-Backed,0.0014786720275878906,Filter1,-6.516610872658402,-2.8301281427062785,9.903487552536127,4.301029995663981
20000,AnnSql On-Disk,0.016188621520996094,Filter1,-4.123446658772009,-1.7907901303270846,9.903487552536127,4.301029995663981
20000,AnnData Backed,0.7693197727203369,Filter1,-0.2622485666243067,-0.11389310537197368,9.903487552536127,4.301029995663981
20000,AnnSql In-Memory,0.006678342819213867,Filter2,-5.008885403166762,-2.1753312910810694,9.903487552536127,4.301029995663981
20000,AnnData Not-Backed,0.001573324203491211,Filter2,-6.454564570935375,-2.803181776245464,9.903487552536127,4.301029995663981
20000,AnnSql On-Disk,0.11409139633178711,Filter2,-2.1707554295865648,-0.9427471046309679,9.903487552536127,4.301029995663981
20000,AnnData Backed,0.5878143310546875,Filter2,-0.5313441444597413,-0.23075982993046995,9.903487552536127,4.301029995663981
20000,AnnSql In-Memory,0.0063931941986083984,Filter3,-5.052521260901771,-2.1942821033084994,9.903487552536127,4.301029995663981
20000,AnnData Not-Backed,0.0016744136810302734,Filter3,-6.392292216159777,-2.7761372361912997,9.903487552536127,4.301029995663981
20000,AnnSql On-Disk,0.11317873001098633,Filter3,-2.1787870282974375,-0.9462351836319612,9.903487552536127,4.301029995663981
20000,AnnData Backed,0.41143298149108887,Filter3,-0.8881091360629536,-0.38570089712000505,9.903487552536127,4.301029995663981
20000,AnnSql In-Memory,0.006604909896850586,Filter4,-5.019941982758643,-2.1801331025865474,9.903487552536127,4.301029995663981
20000,AnnData Not-Backed,0.002185344696044922,Filter4,-6.125981707249728,-2.6604800516988183,9.903487552536127,4.301029995663981
20000,AnnSql On-Disk,0.11220693588256836,Filter4,-2.1874104706689512,-0.9499802970689204,9.903487552536127,4.301029995663981
20000,AnnData Backed,0.5464668273925781,Filter4,-0.6042816733129418,-0.26243619623507414,9.903487552536127,4.301029995663981
20000,AnnSql In-Memory,0.006869792938232422,Filter5,-4.980621313197378,-2.163056352771349,9.903487552536127,4.301029995663981
20000,AnnData Not-Backed,0.0019643306732177734,Filter5,-6.232603716003207,-2.7067854017498947,9.903487552536127,4.301029995663981
20000,AnnSql On-Disk,0.11566805839538574,Filter5,-2.15703075553901,-0.9367865544261942,9.903487552536127,4.301029995663981
20000,AnnData Backed,0.5561428070068359,Filter5,-0.5867301705765359,-0.2548136754475432,9.903487552536127,4.301029995663981
20000,AnnSql In-Memory,0.011144638061523438,Filter6,-4.496796788084524,-1.9529340313053751,9.903487552536127,4.301029995663981
20000,AnnData Not-Backed,0.001544952392578125,Filter6,-6.472762182972477,-2.811084898736993,9.903487552536127,4.301029995663981
20000,AnnSql On-Disk,0.13193106651306152,Filter6,-2.025475716187788,-0.8796529267693933,9.903487552536127,4.301029995663981
20000,AnnData Backed,0.15658354759216309,Filter6,-1.8541655610202177,-0.8052538716861276,9.903487552536127,4.301029995663981
25000,AnnSql In-Memory,0.007065534591674805,Filter1,-4.952526598096858,-2.1508549730325495,10.126631103850338,4.3979400086720375
25000,AnnData Not-Backed,0.001567840576171875,Filter1,-6.458056035582781,-2.8046981000755924,10.126631103850338,4.3979400086720375
25000,AnnSql On-Disk,0.01719975471496582,Filter1,-4.062860156022216,-1.7644777465050334,10.126631103850338,4.3979400086720375
25000,AnnData Backed,1.0078978538513184,Filter1,0.007866829049429806,0.0034165204462435687,10.126631103850338,4.3979400086720375
25000,AnnSql In-Memory,0.007765054702758789,Filter2,-4.85812177762088,-2.1098554804347653,10.126631103850338,4.3979400086720375
25000,AnnData Not-Backed,0.0022749900817871094,Filter2,-6.085779586242745,-2.643020492384679,10.126631103850338,4.3979400086720375
25000,AnnSql On-Disk,0.13335061073303223,Filter2,-2.0147734484393505,-0.8750049909423958,10.126631103850338,4.3979400086720375
25000,AnnData Backed,0.9229395389556885,Filter2,-0.08019155154824052,-0.03482674833266103,10.126631103850338,4.3979400086720375
25000,AnnSql In-Memory,0.007097482681274414,Filter3,-4.9480151097364455,-2.1488956585324512,10.126631103850338,4.3979400086720375
25000,AnnData Not-Backed,0.0019369125366210938,Filter3,-6.246660049618521,-2.7128899898748173,10.126631103850338,4.3979400086720375
25000,AnnSql On-Disk,0.1225736141204834,Filter3,-2.0990434978886605,-0.9116030084079454,10.126631103850338,4.3979400086720375
25000,AnnData Backed,0.5242269039154053,Filter3,-0.6458306656490619,-0.2804806943352916,10.126631103850338,4.3979400086720375
25000,AnnSql In-Memory,0.006535053253173828,Filter4,-5.030574783021965,-2.184750869068088,10.126631103850338,4.3979400086720375
25000,AnnData Not-Backed,0.0026900768280029297,Filter4,-5.918185525180351,-2.5702353164655247,10.126631103850338,4.3979400086720375
25000,AnnSql On-Disk,0.1187131404876709,Filter4,-2.1310452801434603,-0.9255012058522742,10.126631103850338,4.3979400086720375
25000,AnnData Backed,0.723168134689331,Filter4,-0.32411353242174085,-0.14076071864093276,10.126631103850338,4.3979400086720375
25000,AnnSql In-Memory,0.0071506500244140625,Filter5,-4.940552013903049,-2.145654477194092,10.126631103850338,4.3979400086720375
25000,AnnData Not-Backed,0.002450227737426758,Filter5,-6.011574304693724,-2.610793548079862,10.126631103850338,4.3979400086720375
25000,AnnSql On-Disk,0.1283426284790039,Filter5,-2.053051806278843,-0.8916290705284056,10.126631103850338,4.3979400086720375
25000,AnnData Backed,0.6817336082458496,Filter5,-0.38311630118927714,-0.1663852955336873,10.126631103850338,4.3979400086720375
25000,AnnSql In-Memory,0.01083827018737793,Filter6,-4.524671872514525,-1.9650400266559118,10.126631103850338,4.3979400086720375
25000,AnnData Not-Backed,0.0017893314361572266,Filter6,-6.325913228251235,-2.7473092080282973,10.126631103850338,4.3979400086720375
25000,AnnSql On-Disk,0.13995122909545898,Filter6,-1.9664612806693933,-0.8540232830711192,10.126631103850338,4.3979400086720375
25000,AnnData Backed,0.25269412994384766,Filter6,-1.3755754942054488,-0.597404846574765,10.126631103850338,4.3979400086720375
30000,AnnSql In-Memory,0.005559206008911133,Filter1,-5.192299985069804,-2.2549872319021524,10.308952660644293,4.477121254719663
30000,AnnData Not-Backed,0.0016293525695800781,Filter1,-6.41957253964356,-2.7879849301448423,10.308952660644293,4.477121254719663
30000,AnnSql On-Disk,0.016759157180786133,Filter1,-4.088810472735254,-1.7757478258571475,10.308952660644293,4.477121254719663
30000,AnnData Backed,0.8940579891204834,Filter1,-0.11198464112423956,-0.048634311698173206,10.308952660644293,4.477121254719663
30000,AnnSql In-Memory,0.006716489791870117,Filter2,-5.003189613320901,-2.1728576409809315,10.308952660644293,4.477121254719663
30000,AnnData Not-Backed,0.0022149085998535156,Filter2,-6.112544140510913,-2.6546441906139444,10.308952660644293,4.477121254719663
30000,AnnSql On-Disk,0.11862325668334961,Filter2,-2.1318027181908055,-0.9258301570166197,10.308952660644293,4.477121254719663
30000,AnnData Backed,1.063495397567749,Filter2,0.06156102802091006,0.026735614769772702,10.308952660644293,4.477121254719663
30000,AnnSql In-Memory,0.007808685302734375,Filter3,-4.852518664417726,-2.107422079289156,10.308952660644293,4.477121254719663
30000,AnnData Not-Backed,0.0022656917572021484,Filter3,-6.089875155107482,-2.644799175342889,10.308952660644293,4.477121254719663
30000,AnnSql On-Disk,0.1219024658203125,Filter3,-2.104534014477083,-0.9139875094650954,10.308952660644293,4.477121254719663
30000,AnnData Backed,0.6151986122131348,Filter3,-0.48581011662365237,-0.21098465290242746,10.308952660644293,4.477121254719663
30000,AnnSql In-Memory,0.006750822067260742,Filter4,-4.998090993770892,-2.1706433386450383,10.308952660644293,4.477121254719663
30000,AnnData Not-Backed,0.002801656723022461,Filter4,-5.877544349984856,-2.552585078340058,10.308952660644293,4.477121254719663
30000,AnnSql On-Disk,0.11380434036254883,Filter4,-2.1732746177487847,-0.9438411741486962,10.308952660644293,4.477121254719663
30000,AnnData Backed,0.7829017639160156,Filter4,-0.2447480520167568,-0.10629272844744753,10.308952660644293,4.477121254719663
30000,AnnSql In-Memory,0.007059335708618164,Filter5,-4.953404324167657,-2.1512361646217197,10.308952660644293,4.477121254719663
30000,AnnData Not-Backed,0.0023758411407470703,Filter5,-6.042403739671902,-2.62418260157108,10.308952660644293,4.477121254719663
30000,AnnSql On-Disk,0.11661124229431152,Filter5,-2.1489095920951726,-0.9332595779559012,10.308952660644293,4.477121254719663
30000,AnnData Backed,0.7875056266784668,Filter5,-0.23888476331934497,-0.10374633452035585,10.308952660644293,4.477121254719663
30000,AnnSql In-Memory,0.010993719100952148,Filter6,-4.510431160083638,-1.9588553638288069,10.308952660644293,4.477121254719663
30000,AnnData Not-Backed,0.0020101070404052734,Filter6,-6.2095673043961215,-2.6967808153060853,10.308952660644293,4.477121254719663
30000,AnnSql On-Disk,0.13110828399658203,Filter6,-2.031731701829059,-0.8823698668122633,10.308952660644293,4.477121254719663
30000,AnnData Backed,0.21321845054626465,Filter6,-1.5454380494111506,-0.6711752169825878,10.308952660644293,4.477121254719663
35000,AnnSql In-Memory,0.007184743881225586,Filter1,-4.9357954064016525,-2.143588708803656,10.46310334047155,4.544068044350276
35000,AnnData Not-Backed,0.0017473697662353516,Filter1,-6.3496436123929465,-2.757615182914487,10.46310334047155,4.544068044350276
35000,AnnSql On-Disk,0.019077301025390625,Filter1,-3.959256078660112,-1.7194830674039938,10.46310334047155,4.544068044350276
35000,AnnData Backed,0.8948419094085693,Filter1,-0.11110821384185268,-0.04825368416564312,10.46310334047155,4.544068044350276
35000,AnnSql In-Memory,0.006543397903442383,Filter2,-5.029298691334807,-2.1841966694899524,10.46310334047155,4.544068044350276
35000,AnnData Not-Backed,0.002341032028198242,Filter2,-6.057163409149506,-2.6305926445799197,10.46310334047155,4.544068044350276
35000,AnnSql On-Disk,0.11925244331359863,Filter2,-2.1265126604206595,-0.9235327141180961,10.46310334047155,4.544068044350276
35000,AnnData Backed,1.1334173679351807,Filter2,0.1252372883832663,0.05438986327337878,10.46310334047155,4.544068044350276
35000,AnnSql In-Memory,0.006803035736083984,Filter3,-4.990386334644037,-2.1672972477013,10.46310334047155,4.544068044350276
35000,AnnData Not-Backed,0.0023283958435058594,Filter3,-6.062575727697191,-2.6329431846594815,10.46310334047155,4.544068044350276
35000,AnnSql On-Disk,0.11571431159973145,Filter3,-2.1566309566696082,-0.9366129239833417,10.46310334047155,4.544068044350276
35000,AnnData Backed,0.6624636650085449,Filter3,-0.41178956789593746,-0.1788379370425301,10.46310334047155,4.544068044350276
35000,AnnSql In-Memory,0.006501674652099609,Filter4,-5.035695496479162,-2.1869747666659562,10.46310334047155,4.544068044350276
35000,AnnData Not-Backed,0.003134489059448242,Filter4,-5.765289097622192,-2.5038332416742963,10.46310334047155,4.544068044350276
35000,AnnSql On-Disk,0.11519527435302734,Filter4,-2.1611265528028225,-0.9385653365768624,10.46310334047155,4.544068044350276
35000,AnnData Backed,0.8952867984771729,Filter4,-0.11061116681299595,-0.04803781938376424,10.46310334047155,4.544068044350276
35000,AnnSql In-Memory,0.006994962692260742,Filter5,-4.962565004365586,-2.1552145974821606,10.46310334047155,4.544068044350276
35000,AnnData Not-Backed,0.0028312206268310547,Filter5,-5.867047343415955,-2.548026286310682,10.46310334047155,4.544068044350276
35000,AnnSql On-Disk,0.11574578285217285,Filter5,-2.1563590199220672,-0.9364948233544582,10.46310334047155,4.544068044350276
35000,AnnData Backed,0.8970692157745361,Filter5,-0.10862225627205514,-0.047174046510834435,10.46310334047155,4.544068044350276
35000,AnnSql In-Memory,0.012146711349487305,Filter6,-4.410696816657628,-1.9155412888226468,10.46310334047155,4.544068044350276
35000,AnnData Not-Backed,0.002154827117919922,Filter6,-6.140044782347572,-2.666587567612403,10.46310334047155,4.544068044350276
35000,AnnSql On-Disk,0.13392138481140137,Filter6,-2.0105023317075075,-0.8731500685141917,10.46310334047155,4.544068044350276
35000,AnnData Backed,0.23432612419128418,Filter6,-1.4510414407881345,-0.6301792907472309,10.46310334047155,4.544068044350276
40000,AnnSql In-Memory,0.006041049957275391,Filter1,-5.109177448156799,-2.218887572799035,10.596634733096073,4.6020599913279625
40000,AnnData Not-Backed,0.0020258426666259766,Filter1,-6.201769533315256,-2.6933942863545206,10.596634733096073,4.6020599913279625
40000,AnnSql On-Disk,0.0191042423248291,Filter1,-3.957844857345007,-1.7188701817740994,10.596634733096073,4.6020599913279625
40000,AnnData Backed,1.55873703956604,Filter1,0.4438759033446892,0.19277285547241968,10.596634733096073,4.6020599913279625
40000,AnnSql In-Memory,0.006116151809692383,Filter2,-5.0968221694947315,-2.2135217434537227,10.596634733096073,4.6020599913279625
40000,AnnData Not-Backed,0.0026655197143554688,Filter2,-5.9273562256097065,-2.574218101057182,10.596634733096073,4.6020599913279625
40000,AnnSql On-Disk,0.1161489486694336,Filter2,-2.152881871296709,-0.9349847168937074,10.596634733096073,4.6020599913279625
40000,AnnData Backed,1.6995840072631836,Filter2,0.5303835195079544,0.2303426358147303,10.596634733096073,4.6020599913279625
40000,AnnSql In-Memory,0.006111860275268555,Filter3,-5.097524088100996,-2.2138265828311683,10.596634733096073,4.6020599913279625
40000,AnnData Not-Backed,0.002618551254272461,Filter3,-5.945134070530451,-2.581938921006393,10.596634733096073,4.6020599913279625
40000,AnnSql On-Disk,0.1159665584564209,Filter3,-2.1544534186078685,-0.935667231218994,10.596634733096073,4.6020599913279625
40000,AnnData Backed,0.7500083446502686,Filter3,-0.2876709463133186,-0.12493390458776087,10.596634733096073,4.6020599913279625
40000,AnnSql In-Memory,0.006646156311035156,Filter4,-5.013716589760388,-2.177429448759726,10.596634733096073,4.6020599913279625
40000,AnnData Not-Backed,0.003530740737915039,Filter4,-5.646247589281294,-2.452134171484404,10.596634733096073,4.6020599913279625
40000,AnnSql On-Disk,0.12456250190734863,Filter4,-2.082947665696741,-0.904612677305354,10.596634733096073,4.6020599913279625
40000,AnnData Backed,1.0049264430999756,Filter4,0.004914347887153212,0.0021342741695435444,10.596634733096073,4.6020599913279625
40000,AnnSql In-Memory,0.0069904327392578125,Filter5,-4.963212816318209,-2.155495938638496,10.596634733096073,4.6020599913279625
40000,AnnData Not-Backed,0.0033485889434814453,Filter5,-5.6992162327804525,-2.475138161069989,10.596634733096073,4.6020599913279625
40000,AnnSql On-Disk,0.11872220039367676,Filter5,-2.13096896542151,-0.9254680627896432,10.596634733096073,4.6020599913279625
40000,AnnData Backed,1.029393196105957,Filter5,0.02896949864206549,0.01258129340375279,10.596634733096073,4.6020599913279625
40000,AnnSql In-Memory,0.012606382369995117,Filter6,-4.373552055970218,-1.8994095242244875,10.596634733096073,4.6020599913279625
40000,AnnData Not-Backed,0.002387523651123047,Filter6,-6.037498579428907,-2.622052317544696,10.596634733096073,4.6020599913279625
40000,AnnSql On-Disk,0.12870001792907715,Filter6,-2.0502710250709972,-0.8904213925944577,10.596634733096073,4.6020599913279625
40000,AnnData Backed,0.2777261734008789,Filter6,-1.2811196384773538,-0.5563831896486036,10.596634733096073,4.6020599913279625
45000,AnnSql In-Memory,0.005580902099609375,Filter1,-5.188404849058891,-2.2532955958263505,10.714417768752456,4.653212513775344
45000,AnnData Not-Backed,0.0017235279083251953,Filter1,-6.3633819793185,-2.763581679860617,10.714417768752456,4.653212513775344
45000,AnnSql On-Disk,0.016359806060791016,Filter1,-4.112927802352678,-1.7862218490282364,10.714417768752456,4.653212513775344
45000,AnnData Backed,0.3593454360961914,Filter1,-1.0234711355902697,-0.444487866574109,10.714417768752456,4.653212513775344
45000,AnnSql In-Memory,0.006367683410644531,Filter2,-5.056519547341037,-2.1960185370461414,10.714417768752456,4.653212513775344
45000,AnnData Not-Backed,0.0025925636291503906,Filter2,-5.955108074612931,-2.5862705759418945,10.714417768752456,4.653212513775344
45000,AnnSql On-Disk,0.12772369384765625,Filter2,-2.0578859901032853,-0.8937285298878668,10.714417768752456,4.653212513775344
45000,AnnData Backed,0.6592516899108887,Filter2,-0.41664989036804667,-0.1809487482724375,10.714417768752456,4.653212513775344
45000,AnnSql In-Memory,0.006464242935180664,Filter3,-5.04146937567552,-2.1894823305401103,10.714417768752456,4.653212513775344
45000,AnnData Not-Backed,0.0029230117797851562,Filter3,-5.835140762828594,-2.53416943442519,10.714417768752456,4.653212513775344
45000,AnnSql On-Disk,0.1297149658203125,Filter3,-2.042415806341766,-0.8870099144462096,10.714417768752456,4.653212513775344
45000,AnnData Backed,0.925701379776001,Filter3,-0.07720358038831393,-0.03352908894581885,10.714417768752456,4.653212513775344
45000,AnnSql In-Memory,0.007269859313964844,Filter4,-4.924018339210632,-2.138473993509592,10.714417768752456,4.653212513775344
45000,AnnData Not-Backed,0.00383758544921875,Filter4,-5.562911899419331,-2.415941941231753,10.714417768752456,4.653212513775344
45000,AnnSql On-Disk,0.13992977142333984,Filter4,-1.9666146149230326,-0.8540898752913615,10.714417768752456,4.653212513775344
45000,AnnData Backed,1.237429141998291,Filter4,0.2130359548300697,0.09252033962968968,10.714417768752456,4.653212513775344
45000,AnnSql In-Memory,0.006941080093383789,Filter5,-4.970297883520572,-2.158572944228396,10.714417768752456,4.653212513775344
45000,AnnData Not-Backed,0.0038487911224365234,Filter5,-5.559996174161268,-2.41467565784143,10.714417768752456,4.653212513775344
45000,AnnSql On-Disk,0.13093280792236328,Filter5,-2.033071003990895,-0.8829515183507497,10.714417768752456,4.653212513775344
45000,AnnData Backed,1.2224798202514648,Filter5,0.2008814352788818,0.08724169885842359,10.714417768752456,4.653212513775344
45000,AnnSql In-Memory,0.013142824172973633,Filter6,-4.331879359569649,-1.8813113021316914,10.714417768752456,4.653212513775344
45000,AnnData Not-Backed,0.002462625503540039,Filter6,-6.006527220312163,-2.6086016271832504,10.714417768752456,4.653212513775344
45000,AnnSql On-Disk,0.14508485794067383,Filter6,-1.9304364805631438,-0.8383779111733074,10.714417768752456,4.653212513775344
45000,AnnData Backed,0.3079409599304199,Filter6,-1.177847202920756,-0.5115325407536642,10.714417768752456,4.653212513775344
50000,AnnSql In-Memory,0.005665779113769531,Filter1,-5.173310862843165,-2.246740360902937,10.819778284410283,4.698970004336019
50000,AnnData Not-Backed,0.0021636486053466797,Filter1,-6.1359593131857455,-2.6648132708994363,10.819778284410283,4.698970004336019
50000,AnnSql On-Disk,0.016201019287109375,Filter1,-4.122681119765744,-1.7904576609609821,10.819778284410283,4.698970004336019
50000,AnnData Backed,0.564988374710083,Filter1,-0.5709501237817458,-0.2479604882003908,10.819778284410283,4.698970004336019
50000,AnnSql In-Memory,0.006713151931762695,Filter2,-5.003686701812886,-2.1730735237700185,10.819778284410283,4.698970004336019
50000,AnnData Not-Backed,0.0028467178344726562,Filter2,-5.861588585372203,-2.545655577814236,10.819778284410283,4.698970004336019
50000,AnnSql On-Disk,0.12438273429870605,Filter2,-2.0843919001205773,-0.9052399003462007,10.819778284410283,4.698970004336019
50000,AnnData Backed,0.9303133487701416,Filter2,-0.07223381542296053,-0.03137074744500976,10.819778284410283,4.698970004336019
50000,AnnSql In-Memory,0.009453773498535156,Filter3,-4.661341305166009,-2.0243948071012996,10.819778284410283,4.698970004336019
50000,AnnData Not-Backed,0.003589630126953125,Filter3,-5.629706110493636,-2.4449502985244047,10.819778284410283,4.698970004336019
50000,AnnSql On-Disk,0.1251072883605957,Filter3,-2.078583602929791,-0.9027173889269882,10.819778284410283,4.698970004336019
50000,AnnData Backed,1.174370527267456,Filter3,0.16073228257159683,0.06980514338455872,10.819778284410283,4.698970004336019
50000,AnnSql In-Memory,0.007113456726074219,Filter4,-4.9457669752437425,-2.147919306127694,10.819778284410283,4.698970004336019
50000,AnnData Not-Backed,0.004353046417236328,Filter4,-5.4368793531937705,-2.3612067018657754,10.819778284410283,4.698970004336019
50000,AnnSql On-Disk,0.11927986145019531,Filter4,-2.1262827700773403,-0.9234328740105497,10.819778284410283,4.698970004336019
50000,AnnData Backed,1.4968042373657227,Filter4,0.4033323269235771,0.1751650039561079,10.819778284410283,4.698970004336019
50000,AnnSql In-Memory,0.007668972015380859,Filter5,-4.870572699263204,-2.115262846998636,10.819778284410283,4.698970004336019
50000,AnnData Not-Backed,0.005147695541381836,Filter5,-5.269206132142883,-2.2883871472004307,10.819778284410283,4.698970004336019
50000,AnnSql On-Disk,0.12764573097229004,Filter5,-2.0584965790791845,-0.8939937053108107,10.819778284410283,4.698970004336019
50000,AnnData Backed,1.3941841125488281,Filter5,0.3323093786163567,0.14432012941778216,10.819778284410283,4.698970004336019
50000,AnnSql In-Memory,0.013921499252319336,Filter6,-4.274320924967622,-1.8563139915970417,10.819778284410283,4.698970004336019
50000,AnnData Not-Backed,0.00279998779296875,Filter6,-5.8781402214645,-2.552843862035591,10.819778284410283,4.698970004336019
50000,AnnSql On-Disk,0.1354997158050537,Filter6,-1.9987857360442585,-0.8680616156709511,10.819778284410283,4.698970004336019
50000,AnnData Backed,0.35880208015441895,Filter6,-1.0249843512824763,-0.4451450477991637,10.819778284410283,4.698970004336019
75000,AnnSql In-Memory,0.004625082015991211,Filter1,-5.3762611749876905,-2.334880561567847,11.225243392518447,4.8750612633917
75000,AnnData Not-Backed,0.003559589385986328,Filter1,-5.638110081785561,-2.448600096882561,11.225243392518447,4.8750612633917
75000,AnnSql On-Disk,0.015302181243896484,Filter1,-4.179759895784611,-1.8152466584197675,11.225243392518447,4.8750612633917
75000,AnnData Backed,8.989379644393921,Filter1,2.1960438410295904,0.9537297221767731,11.225243392518447,4.8750612633917
75000,AnnSql In-Memory,0.006750345230102539,Filter2,-4.998161630205193,-2.170674015658677,11.225243392518447,4.8750612633917
75000,AnnData Not-Backed,0.00499415397644043,Filter2,-5.29948725531303,-2.3015380718990586,11.225243392518447,4.8750612633917
75000,AnnSql On-Disk,0.12708568572998047,Filter2,-2.0628937292378042,-0.8959033633607992,11.225243392518447,4.8750612633917
75000,AnnData Backed,7.68839168548584,Filter2,2.039711618014044,0.8858355003774527,11.225243392518447,4.8750612633917
75000,AnnSql In-Memory,0.0066699981689453125,Filter3,-5.010135693575585,-2.175874285306398,11.225243392518447,4.8750612633917
75000,AnnData Not-Backed,0.0046613216400146484,Filter3,-5.368456257318306,-2.3314909288923245,11.225243392518447,4.8750612633917
75000,AnnSql On-Disk,0.1207728385925293,Filter3,-2.1138438648514275,-0.9180307261100182,11.225243392518447,4.8750612633917
75000,AnnData Backed,1.4407563209533691,Filter3,0.3651681985909311,0.1585905336145922,11.225243392518447,4.8750612633917
75000,AnnSql In-Memory,0.007658958435058594,Filter4,-4.871879279010444,-2.115830287373029,11.225243392518447,4.8750612633917
75000,AnnData Not-Backed,0.00670623779296875,Filter4,-5.004717171833893,-2.1735210512139083,11.225243392518447,4.8750612633917
75000,AnnSql On-Disk,0.126617431640625,Filter4,-2.066585088066312,-0.897506500130745,11.225243392518447,4.8750612633917
75000,AnnData Backed,1.930788516998291,Filter4,0.6579284775098899,0.2857347072695529,11.225243392518447,4.8750612633917
75000,AnnSql In-Memory,0.007853507995605469,Filter5,-4.846794968587165,-2.104936309773851,11.225243392518447,4.8750612633917
75000,AnnData Not-Backed,0.0063915252685546875,Filter5,-5.052782342901651,-2.194395489780371,11.225243392518447,4.8750612633917
75000,AnnSql On-Disk,0.12331891059875488,Filter5,-2.092981509941296,-0.9089703204930407,11.225243392518447,4.8750612633917
75000,AnnData Backed,1.9321377277374268,Filter5,0.6586270208982542,0.2860380808084895,11.225243392518447,4.8750612633917
75000,AnnSql In-Memory,0.017385482788085938,Filter6,-4.052119743526197,-1.7598132446246475,11.225243392518447,4.8750612633917
75000,AnnData Not-Backed,0.0035910606384277344,Filter6,-5.6293076776575,-2.444777261342262,11.225243392518447,4.8750612633917
75000,AnnSql On-Disk,0.14378142356872559,Filter6,-1.9394610244549395,-0.842297220787208,11.225243392518447,4.8750612633917
75000,AnnData Backed,0.5092635154724121,Filter6,-0.6747896842717555,-0.2930574363244609,11.225243392518447,4.8750612633917
100000,AnnSql In-Memory,0.00500035285949707,Filter1,-5.298246797138702,-2.300999347758916,11.512925464970229,5.0
100000,AnnData Not-Backed,0.004391193389892578,Filter1,-5.428154246037485,-2.357417435973786,11.512925464970229,5.0
100000,AnnSql On-Disk,0.01599907875061035,Filter1,-4.13522413648689,-1.795905023909396,11.512925464970229,5.0
100000,AnnData Backed,3.950629949569702,Filter1,1.3738750471010253,0.5966663517805455,11.512925464970229,5.0
100000,AnnSql In-Memory,0.007321834564208984,Filter2,-4.916894358883929,-2.1353800881645175,11.512925464970229,5.0
100000,AnnData Not-Backed,0.005177974700927734,Filter2,-5.263341283541951,-2.285840075815848,11.512925464970229,5.0
100000,AnnSql On-Disk,0.11662936210632324,Filter2,-2.14875421767317,-0.9331920997017965,11.512925464970229,5.0
100000,AnnData Backed,1.4523720741271973,Filter2,0.373198132975231,0.16207788980773882,11.512925464970229,5.0
100000,AnnSql In-Memory,0.007426261901855469,Filter3,-4.90273265562192,-2.1292297385834758,11.512925464970229,5.0
100000,AnnData Not-Backed,0.006035566329956055,Filter3,-5.110085587914787,-2.2192819728847266,11.512925464970229,5.0
100000,AnnSql On-Disk,0.11842942237854004,Filter3,-2.133438087584447,-0.9265403889201519,11.512925464970229,5.0
100000,AnnData Backed,2.0323574542999268,Filter3,0.7091964267946138,0.3080000947424043,11.512925464970229,5.0
100000,AnnSql In-Memory,0.008043050765991211,Filter4,-4.822946819257271,-2.094579190116273,11.512925464970229,5.0
100000,AnnData Not-Backed,0.00816798210144043,Filter4,-4.807533389424766,-2.0878852225928126,11.512925464970229,5.0
100000,AnnSql On-Disk,0.1187431812286377,Filter4,-2.1307922589485733,-0.9253913201435302,11.512925464970229,5.0
100000,AnnData Backed,2.718027114868164,Filter4,0.9999062917160437,0.434253784912621,11.512925464970229,5.0
100000,AnnSql In-Memory,0.008141517639160156,Filter5,-4.8107786741886,-2.0892946318579506,11.512925464970229,5.0
100000,AnnData Not-Backed,0.00902700424194336,Filter5,-4.7075347227489415,-2.0444563534578197,11.512925464970229,5.0
100000,AnnSql On-Disk,0.11879658699035645,Filter5,-2.130342601503683,-0.9251960363964676,11.512925464970229,5.0
100000,AnnData Backed,2.7201688289642334,Filter5,1.0006939478538206,0.43459585962689473,11.512925464970229,5.0
100000,AnnSql In-Memory,0.03020024299621582,Filter6,-3.499905308401372,-1.5199895626226145,11.512925464970229,5.0
100000,AnnData Not-Backed,0.0047338008880615234,Filter6,-5.353026828753445,-2.3247900132076844,11.512925464970229,5.0
100000,AnnSql On-Disk,0.1440892219543457,Filter6,-1.9373225743718694,-0.8413685037163051,11.512925464970229,5.0
100000,AnnData Backed,0.6925249099731445,Filter6,-0.36741107048723415,-0.1595646005027725,11.512925464970229,5.0
250000,AnnSql On-Disk,0.014232397079467773,Filter1,-4.2522344285393086,-1.846721948073649,12.429216196844383,5.3979400086720375
250000,AnnData Backed,53.82770895957947,Filter1,3.9857883710054125,1.7310058955618017,12.429216196844383,5.3979400086720375
250000,AnnSql On-Disk,0.11139297485351562,Filter2,-2.1946910158337007,-0.9531421976592185,12.429216196844383,5.3979400086720375
250000,AnnData Backed,34.50387096405029,Filter2,3.541071519599687,1.5378678209869066,12.429216196844383,5.3979400086720375
250000,AnnSql On-Disk,0.12169480323791504,Filter3,-2.1062389813143962,-0.9147279671543687,12.429216196844383,5.3979400086720375
250000,AnnData Backed,4.6978936195373535,Filter3,1.5471142422037085,0.6719031782630017,12.429216196844383,5.3979400086720375
250000,AnnSql On-Disk,0.11136603355407715,Filter4,-2.194932903241644,-0.95324724802573,12.429216196844383,5.3979400086720375
250000,AnnData Backed,6.483377695083618,Filter4,1.8692416238022862,0.8118013225612071,12.429216196844383,5.3979400086720375
250000,AnnSql On-Disk,0.13222599029541016,Filter5,-2.023242772586329,-0.8786831716848784,12.429216196844383,5.3979400086720375
250000,AnnData Backed,6.279817342758179,Filter5,1.837340894509054,0.7979470118604668,12.429216196844383,5.3979400086720375
250000,AnnSql On-Disk,0.16016626358032227,Filter6,-1.8315428559111895,-0.7954289556915524,12.429216196844383,5.3979400086720375
250000,AnnData Backed,1.5881845951080322,Filter6,0.46259159983996156,0.20090097918529248,12.429216196844383,5.3979400086720375
