size,method,memory,filter_type,memory_log,memory_log10,size_log,size_log10
1000,AnnSql In-Memory,298.88671875,Filter1,5.7000646345455745,2.4755066172750184,6.907755278982137,3.0
1000,AnnData Not-Backed,76.375,Filter1,4.335655417491759,1.8829512232506107,6.907755278982137,3.0
1000,AnnSql On-Disk,33.81640625,Filter1,3.5209460767362115,1.52912745220544,6.907755278982137,3.0
1000,AnnData Backed,9.2109375,Filter1,2.220391636617754,0.9643038354472208,6.907755278982137,3.0
1000,AnnSql In-Memory,232.26171875,Filter2,5.447864833902175,2.36597763551849,6.907755278982137,3.0
1000,AnnData Not-Backed,76.375,Filter2,4.335655417491759,1.8829512232506107,6.907755278982137,3.0
1000,AnnSql On-Disk,35.328125,Filter2,3.564679388918298,1.5481205883614726,6.907755278982137,3.0
1000,AnnData Backed,0.0,Filter2,-inf,-inf,6.907755278982137,3.0
1000,AnnSql In-Memory,237.26171875,Filter3,5.469163830369241,2.375227672154214,6.907755278982137,3.0
1000,AnnData Not-Backed,76.375,Filter3,4.335655417491759,1.8829512232506107,6.907755278982137,3.0
1000,AnnSql On-Disk,34.17578125,Filter3,3.531517242626702,1.533718451218964,6.907755278982137,3.0
1000,AnnData Backed,0.0,Filter3,-inf,-inf,6.907755278982137,3.0
1000,AnnSql In-Memory,242.88671875,Filter4,5.492595156662271,2.3854037678669515,6.907755278982137,3.0
1000,AnnData Not-Backed,76.375,Filter4,4.335655417491759,1.8829512232506107,6.907755278982137,3.0
1000,AnnSql On-Disk,32.47265625,Filter4,3.4803983890515258,1.5115178151900446,6.907755278982137,3.0
1000,AnnData Backed,0.0,Filter4,-inf,-inf,6.907755278982137,3.0
1000,AnnSql In-Memory,248.01171875,Filter5,5.513475998072787,2.394472202069035,6.907755278982137,3.0
1000,AnnData Not-Backed,76.375,Filter5,4.335655417491759,1.8829512232506107,6.907755278982137,3.0
1000,AnnSql On-Disk,33.875,Filter5,3.522677279199865,1.529879303882462,6.907755278982137,3.0
1000,AnnData Backed,0.0,Filter5,-inf,-inf,6.907755278982137,3.0
1000,AnnSql In-Memory,233.13671875,Filter6,5.451625057231197,2.367610679761008,6.907755278982137,3.0
1000,AnnData Not-Backed,76.375,Filter6,4.335655417491759,1.8829512232506107,6.907755278982137,3.0
1000,AnnSql On-Disk,32.69921875,Filter6,3.487351186180494,1.5145373766169483,6.907755278982137,3.0
1000,AnnData Backed,0.0,Filter6,-inf,-inf,6.907755278982137,3.0
5000,AnnSql In-Memory,877.83984375,Filter1,6.777464166688816,2.9434152888899736,8.517193191416238,3.6989700043360187
5000,AnnData Not-Backed,383.25,Filter1,5.948687517751924,2.583482163526413,8.517193191416238,3.6989700043360187
5000,AnnSql On-Disk,33.359375,Filter1,3.507338842303053,1.5232179053771555,8.517193191416238,3.6989700043360187
5000,AnnData Backed,0.0,Filter1,-inf,-inf,8.517193191416238,3.6989700043360187
5000,AnnSql In-Memory,769.86328125,Filter2,6.646212942264469,2.886413606379435,8.517193191416238,3.6989700043360187
5000,AnnData Not-Backed,383.25,Filter2,5.948687517751924,2.583482163526413,8.517193191416238,3.6989700043360187
5000,AnnSql On-Disk,34.71875,Filter2,3.5472798868399034,1.5405640806209617,8.517193191416238,3.6989700043360187
5000,AnnData Backed,0.0,Filter2,-inf,-inf,8.517193191416238,3.6989700043360187
5000,AnnSql In-Memory,749.36328125,Filter3,6.61922388762781,2.874692408878948,8.517193191416238,3.6989700043360187
5000,AnnData Not-Backed,383.25,Filter3,5.948687517751924,2.583482163526413,8.517193191416238,3.6989700043360187
5000,AnnSql On-Disk,32.125,Filter3,3.469634543215384,1.5068431363393509,8.517193191416238,3.6989700043360187
5000,AnnData Backed,0.0,Filter3,-inf,-inf,8.517193191416238,3.6989700043360187
5000,AnnSql In-Memory,712.98828125,Filter4,6.569464984444724,2.853082391800976,8.517193191416238,3.6989700043360187
5000,AnnData Not-Backed,383.25,Filter4,5.948687517751924,2.583482163526413,8.517193191416238,3.6989700043360187
5000,AnnSql On-Disk,34.1171875,Filter4,3.5298012895659436,1.5329732222734718,8.517193191416238,3.6989700043360187
5000,AnnData Backed,0.0,Filter4,-inf,-inf,8.517193191416238,3.6989700043360187
5000,AnnSql In-Memory,713.48828125,Filter5,6.570166012465262,2.853386844401955,8.517193191416238,3.6989700043360187
5000,AnnData Not-Backed,383.25,Filter5,5.948687517751924,2.583482163526413,8.517193191416238,3.6989700043360187
5000,AnnSql On-Disk,33.75,Filter5,3.518980417318539,1.5282737771670438,8.517193191416238,3.6989700043360187
5000,AnnData Backed,0.0,Filter5,-inf,-inf,8.517193191416238,3.6989700043360187
5000,AnnSql In-Memory,706.98828125,Filter6,6.561014090440954,2.8494122151679893,8.517193191416238,3.6989700043360187
5000,AnnData Not-Backed,383.25,Filter6,5.948687517751924,2.583482163526413,8.517193191416238,3.6989700043360187
5000,AnnSql On-Disk,37.5546875,Filter6,3.6257982039743437,1.5746641524807785,8.517193191416238,3.6989700043360187
5000,AnnData Backed,0.0,Filter6,-inf,-inf,8.517193191416238,3.6989700043360187
10000,AnnSql In-Memory,1366.52734375,Filter1,7.220028015230127,3.1356183262013313,9.210340371976184,4.0
10000,AnnData Not-Backed,765.125,Filter1,6.640039219171234,2.883732392507244,9.210340371976184,4.0
10000,AnnSql On-Disk,36.75,Filter1,3.6041382256588457,1.5652573434202137,9.210340371976184,4.0
10000,AnnData Backed,0.125,Filter1,-2.0794415416798357,-0.9030899869919435,9.210340371976184,4.0
10000,AnnSql In-Memory,1169.90234375,Filter2,7.064675557427906,3.068149611027719,9.210340371976184,4.0
10000,AnnData Not-Backed,765.0,Filter2,6.639875833826536,2.8836614351536176,9.210340371976184,4.0
10000,AnnSql On-Disk,39.5,Filter2,3.676300671907076,1.5965970956264601,9.210340371976184,4.0
10000,AnnData Backed,0.125,Filter2,-2.0794415416798357,-0.9030899869919435,9.210340371976184,4.0
10000,AnnSql In-Memory,1170.27734375,Filter3,7.064996045641023,3.068288797290191,9.210340371976184,4.0
10000,AnnData Not-Backed,765.0,Filter3,6.639875833826536,2.8836614351536176,9.210340371976184,4.0
10000,AnnSql On-Disk,38.25,Filter3,3.644143560272545,1.5826314394896364,9.210340371976184,4.0
10000,AnnData Backed,0.125,Filter3,-2.0794415416798357,-0.9030899869919435,9.210340371976184,4.0
10000,AnnSql In-Memory,1170.40234375,Filter4,7.065102852224415,3.068335182799989,9.210340371976184,4.0
10000,AnnData Not-Backed,765.0,Filter4,6.639875833826536,2.8836614351536176,9.210340371976184,4.0
10000,AnnSql On-Disk,37.765625,Filter4,3.631399297343811,1.5770966764237633,9.210340371976184,4.0
10000,AnnData Backed,0.125,Filter4,-2.0794415416798357,-0.9030899869919435,9.210340371976184,4.0
10000,AnnSql In-Memory,1168.77734375,Filter5,7.063713476051146,3.0677317843946508,9.210340371976184,4.0
10000,AnnData Not-Backed,765.0,Filter5,6.639875833826536,2.8836614351536176,9.210340371976184,4.0
10000,AnnSql On-Disk,39.875,Filter5,3.6857495611050086,1.6007006960652375,9.210340371976184,4.0
10000,AnnData Backed,0.125,Filter5,-2.0794415416798357,-0.9030899869919435,9.210340371976184,4.0
10000,AnnSql In-Memory,1167.65234375,Filter6,7.0627504681823785,3.0673135553912156,9.210340371976184,4.0
10000,AnnData Not-Backed,765.0,Filter6,6.639875833826536,2.8836614351536176,9.210340371976184,4.0
10000,AnnSql On-Disk,41.66796875,Filter6,3.7297326981459205,1.6198023297789,9.210340371976184,4.0
10000,AnnData Backed,0.125,Filter6,-2.0794415416798357,-0.9030899869919435,9.210340371976184,4.0
15000,AnnSql In-Memory,1761.6015625,Filter1,7.473978652945769,3.245907686837047,9.615805480084347,4.176091259055681
15000,AnnData Not-Backed,1145.875,Filter1,7.043923816281939,3.0591372443581415,9.615805480084347,4.176091259055681
15000,AnnSql On-Disk,39.625,Filter1,3.6794602321974446,1.597969275225808,9.615805480084347,4.176091259055681
15000,AnnData Backed,0.375,Filter1,-0.9808292530117262,-0.42596873227228116,9.615805480084347,4.176091259055681
15000,AnnSql In-Memory,1556.1015625,Filter2,7.349938974137807,3.192037938793697,9.615805480084347,4.176091259055681
15000,AnnData Not-Backed,1145.75,Filter2,7.043814723389233,3.059089865916824,9.615805480084347,4.176091259055681
15000,AnnSql On-Disk,41.375,Filter2,3.722676833697227,1.616738006783775,9.615805480084347,4.176091259055681
15000,AnnData Backed,0.25,Filter2,-1.3862943611198906,-0.6020599913279624,9.615805480084347,4.176091259055681
15000,AnnSql In-Memory,1552.2265625,Filter3,7.3474456710812435,3.190955111034519,9.615805480084347,4.176091259055681
15000,AnnData Not-Backed,1145.75,Filter3,7.043814723389233,3.059089865916824,9.615805480084347,4.176091259055681
15000,AnnSql On-Disk,44.0,Filter3,3.784189633918261,1.6434526764861874,9.615805480084347,4.176091259055681
15000,AnnData Backed,0.375,Filter3,-0.9808292530117262,-0.42596873227228116,9.615805480084347,4.176091259055681
15000,AnnSql In-Memory,1552.1015625,Filter4,7.347365138357231,3.1909201361168678,9.615805480084347,4.176091259055681
15000,AnnData Not-Backed,1145.75,Filter4,7.043814723389233,3.059089865916824,9.615805480084347,4.176091259055681
15000,AnnSql On-Disk,40.875,Filter4,3.7105186292174173,1.6114577656683424,9.615805480084347,4.176091259055681
15000,AnnData Backed,0.375,Filter4,-0.9808292530117262,-0.42596873227228116,9.615805480084347,4.176091259055681
15000,AnnSql In-Memory,1551.4765625,Filter5,7.346962377425638,3.1907452192667507,9.615805480084347,4.176091259055681
15000,AnnData Not-Backed,1145.75,Filter5,7.043814723389233,3.059089865916824,9.615805480084347,4.176091259055681
15000,AnnSql On-Disk,42.25,Filter5,3.7436043538031827,1.6258267132857112,9.615805480084347,4.176091259055681
15000,AnnData Backed,0.375,Filter5,-0.9808292530117262,-0.42596873227228116,9.615805480084347,4.176091259055681
15000,AnnSql In-Memory,1539.1015625,Filter6,7.338954124189083,3.187267279076431,9.615805480084347,4.176091259055681
15000,AnnData Not-Backed,1145.75,Filter6,7.043814723389233,3.059089865916824,9.615805480084347,4.176091259055681
15000,AnnSql On-Disk,42.67578125,Filter6,3.753631575484228,1.6301814803306098,9.615805480084347,4.176091259055681
15000,AnnData Backed,0.125,Filter6,-2.0794415416798357,-0.9030899869919435,9.615805480084347,4.176091259055681
20000,AnnSql In-Memory,2137.81640625,Filter1,7.667540216171891,3.329970405654719,9.903487552536127,4.301029995663981
20000,AnnData Not-Backed,1527.5,Filter1,7.331387691045751,3.183981218914592,9.903487552536127,4.301029995663981
20000,AnnSql On-Disk,41.25,Filter1,3.71965111278069,1.615423952885944,9.903487552536127,4.301029995663981
20000,AnnData Backed,0.625,Filter1,-0.4700036292457356,-0.2041199826559248,9.903487552536127,4.301029995663981
20000,AnnSql In-Memory,1929.4453125,Filter2,7.564987837741076,3.285432473596162,9.903487552536127,4.301029995663981
20000,AnnData Not-Backed,1527.625,Filter2,7.331469520758165,3.184016757107149,9.903487552536127,4.301029995663981
20000,AnnSql On-Disk,40.0,Filter2,3.6888794541139363,1.6020599913279625,9.903487552536127,4.301029995663981
20000,AnnData Backed,0.25,Filter2,-1.3862943611198906,-0.6020599913279624,9.903487552536127,4.301029995663981
20000,AnnSql In-Memory,1934.6953125,Filter3,7.5677051318252495,3.2866125794226266,9.903487552536127,4.301029995663981
20000,AnnData Not-Backed,1527.5,Filter3,7.331387691045751,3.183981218914592,9.903487552536127,4.301029995663981
20000,AnnSql On-Disk,38.875,Filter3,3.660351370499398,1.589670402034894,9.903487552536127,4.301029995663981
20000,AnnData Backed,0.375,Filter3,-0.9808292530117262,-0.42596873227228116,9.903487552536127,4.301029995663981
20000,AnnSql In-Memory,1934.5703125,Filter4,7.567640520081235,3.286584518898735,9.903487552536127,4.301029995663981
20000,AnnData Not-Backed,1527.5,Filter4,7.331387691045751,3.183981218914592,9.903487552536127,4.301029995663981
20000,AnnSql On-Disk,38.625,Filter4,3.6538997352179097,1.586868492432891,9.903487552536127,4.301029995663981
20000,AnnData Backed,0.25,Filter4,-1.3862943611198906,-0.6020599913279624,9.903487552536127,4.301029995663981
20000,AnnSql In-Memory,1934.8203125,Filter5,7.567769739394857,3.286640638133596,9.903487552536127,4.301029995663981
20000,AnnData Not-Backed,1550.94921875,Filter5,7.346622421666976,3.1905975783566727,9.903487552536127,4.301029995663981
20000,AnnSql On-Disk,43.0,Filter5,3.7612001156935624,1.6334684555795866,9.903487552536127,4.301029995663981
20000,AnnData Backed,0.375,Filter5,-0.9808292530117262,-0.42596873227228116,9.903487552536127,4.301029995663981
20000,AnnSql In-Memory,1918.5703125,Filter6,7.559335558741771,3.282977720016586,9.903487552536127,4.301029995663981
20000,AnnData Not-Backed,1527.5,Filter6,7.331387691045751,3.183981218914592,9.903487552536127,4.301029995663981
20000,AnnSql On-Disk,39.75,Filter6,3.6826098411003407,1.599337132992489,9.903487552536127,4.301029995663981
20000,AnnData Backed,0.0,Filter6,-inf,-inf,9.903487552536127,4.301029995663981
25000,AnnSql In-Memory,2640.87890625,Filter1,7.878867059769208,3.421748487707065,10.126631103850338,4.3979400086720375
25000,AnnData Not-Backed,1922.29296875,Filter1,7.561274007024403,3.2838195774091883,10.126631103850338,4.3979400086720375
25000,AnnSql On-Disk,53.14453125,Filter1,3.9730152067377844,1.725458580803927,10.126631103850338,4.3979400086720375
25000,AnnData Backed,0.125,Filter1,-2.0794415416798357,-0.9030899869919435,10.126631103850338,4.3979400086720375
25000,AnnSql In-Memory,2312.46875,Filter2,7.746070955781758,3.3640758725270654,10.126631103850338,4.3979400086720375
25000,AnnData Not-Backed,1921.56640625,Filter2,7.560895968996593,3.28365539757976,10.126631103850338,4.3979400086720375
25000,AnnSql On-Disk,53.94921875,Filter2,3.988043210598366,1.7319851599545983,10.126631103850338,4.3979400086720375
25000,AnnData Backed,0.125,Filter2,-2.0794415416798357,-0.9030899869919435,10.126631103850338,4.3979400086720375
25000,AnnSql In-Memory,2312.46875,Filter3,7.746070955781758,3.3640758725270654,10.126631103850338,4.3979400086720375
25000,AnnData Not-Backed,1910.47265625,Filter3,7.5551059544317445,3.2811408262041075,10.126631103850338,4.3979400086720375
25000,AnnSql On-Disk,54.2265625,Filter3,3.9931708714199665,1.734212074754491,10.126631103850338,4.3979400086720375
25000,AnnData Backed,0.25,Filter3,-1.3862943611198906,-0.6020599913279624,10.126631103850338,4.3979400086720375
25000,AnnSql In-Memory,2315.71875,Filter4,7.747475393494883,3.364685812076052,10.126631103850338,4.3979400086720375
25000,AnnData Not-Backed,1910.2421875,Filter4,7.554985312740488,3.2810884321833074,10.126631103850338,4.3979400086720375
25000,AnnSql On-Disk,56.4609375,Filter4,4.033549027363364,1.7517480850701375,10.126631103850338,4.3979400086720375
25000,AnnData Backed,0.375,Filter4,-0.9808292530117262,-0.42596873227228116,10.126631103850338,4.3979400086720375
25000,AnnSql In-Memory,2315.84375,Filter5,7.747529370959304,3.3647092541909975,10.126631103850338,4.3979400086720375
25000,AnnData Not-Backed,1927.30078125,Filter5,7.563875744064753,3.2849494974491753,10.126631103850338,4.3979400086720375
25000,AnnSql On-Disk,54.05859375,Filter5,3.990068527746368,1.7328647440160796,10.126631103850338,4.3979400086720375
25000,AnnData Backed,0.375,Filter5,-0.9808292530117262,-0.42596873227228116,10.126631103850338,4.3979400086720375
25000,AnnSql In-Memory,2301.34375,Filter6,7.74124847044644,3.3619814937568773,10.126631103850338,4.3979400086720375
25000,AnnData Not-Backed,1909.25,Filter6,7.554465773768493,3.280862799274636,10.126631103850338,4.3979400086720375
25000,AnnSql On-Disk,55.203125,Filter6,4.011019563999473,1.7419636634509583,10.126631103850338,4.3979400086720375
25000,AnnData Backed,0.0,Filter6,-inf,-inf,10.126631103850338,4.3979400086720375
30000,AnnSql In-Memory,2849.69921875,Filter1,7.954968730412544,3.4547990233310846,10.308952660644293,4.477121254719663
30000,AnnData Not-Backed,2292.5,Filter1,7.73739820413062,3.360309344342059,10.308952660644293,4.477121254719663
30000,AnnSql On-Disk,51.8984375,Filter1,3.949288683745624,1.715154282793681,10.308952660644293,4.477121254719663
30000,AnnData Backed,1.125,Filter1,0.11778303565638346,0.05115252244738129,10.308952660644293,4.477121254719663
30000,AnnSql In-Memory,2695.1171875,Filter2,7.899196965700138,3.4305776536704804,10.308952660644293,4.477121254719663
30000,AnnData Not-Backed,2303.12109375,Filter2,7.742020479311134,3.3623167729467944,10.308952660644293,4.477121254719663
30000,AnnSql On-Disk,52.36328125,Filter2,3.9582056061904973,1.7190268530070487,10.308952660644293,4.477121254719663
30000,AnnData Backed,0.5,Filter2,-0.6931471805599453,-0.3010299956639812,10.308952660644293,4.477121254719663
30000,AnnSql In-Memory,2697.4921875,Filter3,7.90007780092791,3.430960195549368,10.308952660644293,4.477121254719663
30000,AnnData Not-Backed,2303.7265625,Filter3,7.74228333530233,3.362430929853306,10.308952660644293,4.477121254719663
30000,AnnSql On-Disk,54.26171875,Filter3,3.9938189829178268,1.7344935460016697,10.308952660644293,4.477121254719663
30000,AnnData Backed,0.5,Filter3,-0.6931471805599453,-0.3010299956639812,10.308952660644293,4.477121254719663
30000,AnnSql In-Memory,2698.7421875,Filter4,7.900541086966096,3.4311613981192948,10.308952660644293,4.477121254719663
30000,AnnData Not-Backed,2292.578125,Filter4,7.737432282066863,3.3603241442017238,10.308952660644293,4.477121254719663
30000,AnnSql On-Disk,54.390625,Filter4,3.996191804451767,1.7355240493004012,10.308952660644293,4.477121254719663
30000,AnnData Backed,0.5,Filter4,-0.6931471805599453,-0.3010299956639812,10.308952660644293,4.477121254719663
30000,AnnSql In-Memory,2698.9921875,Filter5,7.900633718423226,3.431201627449977,10.308952660644293,4.477121254719663
30000,AnnData Not-Backed,2292.875,Filter5,7.7375617676345145,3.360380379069241,10.308952660644293,4.477121254719663
30000,AnnSql On-Disk,50.18359375,Filter5,3.915688155552047,1.700561758810176,10.308952660644293,4.477121254719663
30000,AnnData Backed,0.375,Filter5,-0.9808292530117262,-0.42596873227228116,10.308952660644293,4.477121254719663
30000,AnnSql In-Memory,2684.4921875,Filter6,7.895246859633022,3.4288621444025993,10.308952660644293,4.477121254719663
30000,AnnData Not-Backed,2310.84765625,Filter6,7.745369686963452,3.363771315348944,10.308952660644293,4.477121254719663
30000,AnnSql On-Disk,54.71484375,Filter6,4.0021350391594845,1.7381051633386186,10.308952660644293,4.477121254719663
30000,AnnData Backed,0.0,Filter6,-inf,-inf,10.308952660644293,4.477121254719663
35000,AnnSql In-Memory,3532.25390625,Filter1,8.169691446526826,3.548051914078796,10.46310334047155,4.544068044350276
35000,AnnData Not-Backed,2676.0,Filter1,7.892078421248119,3.4274861090957853,10.46310334047155,4.544068044350276
35000,AnnSql On-Disk,52.75390625,Filter1,3.9656378217471535,1.72225462321162,10.46310334047155,4.544068044350276
35000,AnnData Backed,1.5,Filter1,0.4054651081081644,0.17609125905568124,10.46310334047155,4.544068044350276
35000,AnnSql In-Memory,3079.5234375,Filter2,8.03253013591158,3.4884835137479766,10.46310334047155,4.544068044350276
35000,AnnData Not-Backed,2675.625,Filter2,7.891938276899211,3.4274252451783846,10.46310334047155,4.544068044350276
35000,AnnSql On-Disk,50.9375,Filter2,3.9305993910010817,1.7070376260840519,10.46310334047155,4.544068044350276
35000,AnnData Backed,0.5,Filter2,-0.6931471805599453,-0.3010299956639812,10.46310334047155,4.544068044350276
35000,AnnSql In-Memory,3079.6484375,Filter3,8.032570725783904,3.4885011417055485,10.46310334047155,4.544068044350276
35000,AnnData Not-Backed,2674.5,Filter3,7.891517725971305,3.427242602231036,10.46310334047155,4.544068044350276
35000,AnnSql On-Disk,50.13671875,Filter3,3.9147536488256782,1.7001559076956125,10.46310334047155,4.544068044350276
35000,AnnData Backed,0.5,Filter3,-0.6931471805599453,-0.3010299956639812,10.46310334047155,4.544068044350276
35000,AnnSql In-Memory,3080.1484375,Filter4,8.032733068799834,3.488571646381542,10.46310334047155,4.544068044350276
35000,AnnData Not-Backed,2674.375,Filter4,7.891470987171081,3.427222303828008,10.46310334047155,4.544068044350276
35000,AnnSql On-Disk,53.671875,Filter4,3.982889121296778,1.729746767411682,10.46310334047155,4.544068044350276
35000,AnnData Backed,0.75,Filter4,-0.2876820724517809,-0.12493873660829993,10.46310334047155,4.544068044350276
35000,AnnSql In-Memory,3089.8984375,Filter5,8.035893501228646,3.489944204745803,10.46310334047155,4.544068044350276
35000,AnnData Not-Backed,2676.25,Filter5,7.8921718399038925,3.4275266803024946,10.46310334047155,4.544068044350276
35000,AnnSql On-Disk,58.75,Filter5,4.073291153024268,1.7690078709437738,10.46310334047155,4.544068044350276
35000,AnnData Backed,1.75,Filter5,0.5596157879354227,0.24303804868629442,10.46310334047155,4.544068044350276
35000,AnnSql In-Memory,3065.2734375,Filter6,8.027892057278518,3.4864692217910043,10.46310334047155,4.544068044350276
35000,AnnData Not-Backed,2693.58203125,Filter6,7.898627196919506,3.430330206233091,10.46310334047155,4.544068044350276
35000,AnnSql On-Disk,57.94140625,Filter6,4.05943226284405,1.762989031413202,10.46310334047155,4.544068044350276
35000,AnnData Backed,0.75,Filter6,-0.2876820724517809,-0.12493873660829993,10.46310334047155,4.544068044350276
40000,AnnSql In-Memory,3531.5546875,Filter1,8.169493474358411,3.547965935858483,10.596634733096073,4.6020599913279625
40000,AnnData Not-Backed,3055.875,Filter1,8.024821246308493,3.4851355855317547,10.596634733096073,4.6020599913279625
40000,AnnSql On-Disk,53.5546875,Filter1,3.9807033280767974,1.728797489477663,10.596634733096073,4.6020599913279625
40000,AnnData Backed,1.625,Filter1,0.4855078157817008,0.21085336531489318,10.596634733096073,4.6020599913279625
40000,AnnSql In-Memory,3460.18359375,Filter2,8.1490769284215,3.539099142618558,10.596634733096073,4.6020599913279625
40000,AnnData Not-Backed,3055.75,Filter2,8.024780340657372,3.485117820433194,10.596634733096073,4.6020599913279625
40000,AnnSql On-Disk,51.65625,Filter2,3.9446111950212974,1.7131228752515415,10.596634733096073,4.6020599913279625
40000,AnnData Backed,0.5,Filter2,-0.6931471805599453,-0.3010299956639812,10.596634733096073,4.6020599913279625
40000,AnnSql In-Memory,3460.05859375,Filter3,8.149040802518208,3.5390834533381046,10.596634733096073,4.6020599913279625
40000,AnnData Not-Backed,3055.625,Filter3,8.02473943333291,3.4851000546079107,10.596634733096073,4.6020599913279625
40000,AnnSql On-Disk,54.125,Filter3,3.991296186322654,1.7333979093614218,10.596634733096073,4.6020599913279625
40000,AnnData Backed,1.0,Filter3,0.0,0.0,10.596634733096073,4.6020599913279625
40000,AnnSql In-Memory,3464.18359375,Filter4,8.150232268783045,3.5396009005622973,10.596634733096073,4.6020599913279625
40000,AnnData Not-Backed,3055.625,Filter4,8.02473943333291,3.4851000546079107,10.596634733096073,4.6020599913279625
40000,AnnSql On-Disk,51.6953125,Filter4,3.9453671100924423,1.7134511649957271,10.596634733096073,4.6020599913279625
40000,AnnData Backed,0.5,Filter4,-0.6931471805599453,-0.3010299956639812,10.596634733096073,4.6020599913279625
40000,AnnSql In-Memory,3462.68359375,Filter5,8.149799172555603,3.539412809260586,10.596634733096073,4.6020599913279625
40000,AnnData Not-Backed,3055.75,Filter5,8.024780340657372,3.485117820433194,10.596634733096073,4.6020599913279625
40000,AnnSql On-Disk,57.26171875,Filter5,4.047632315810469,1.7578643795297668,10.596634733096073,4.6020599913279625
40000,AnnData Backed,1.75,Filter5,0.5596157879354227,0.24303804868629442,10.596634733096073,4.6020599913279625
40000,AnnSql In-Memory,3459.328125,Filter6,8.148829665669696,3.5389917577698697,10.596634733096073,4.6020599913279625
40000,AnnData Not-Backed,3094.48046875,Filter6,8.03737530955827,3.490587745926597,10.596634733096073,4.6020599913279625
40000,AnnSql On-Disk,57.8203125,Filter6,4.057340141277849,1.7620804345615302,10.596634733096073,4.6020599913279625
40000,AnnData Backed,0.5,Filter6,-0.6931471805599453,-0.3010299956639812,10.596634733096073,4.6020599913279625
45000,AnnSql In-Memory,3887.8984375,Filter1,8.265624043196961,3.5897149114472864,10.714417768752456,4.653212513775344
45000,AnnData Not-Backed,3438.625,Filter1,8.142826961160061,3.5363848163248397,10.714417768752456,4.653212513775344
45000,AnnSql On-Disk,58.5703125,Filter1,4.070227955583445,1.7676775411982442,10.714417768752456,4.653212513775344
45000,AnnData Backed,2.0,Filter1,0.6931471805599453,0.3010299956639812,10.714417768752456,4.653212513775344
45000,AnnSql In-Memory,3838.57421875,Filter2,8.252856279433379,3.5841699420985176,10.714417768752456,4.653212513775344
45000,AnnData Not-Backed,3438.625,Filter2,8.142826961160061,3.5363848163248397,10.714417768752456,4.653212513775344
45000,AnnSql On-Disk,51.49609375,Filter2,3.9415059552784073,1.7117742867662176,10.714417768752456,4.653212513775344
45000,AnnData Backed,1.0,Filter2,0.0,0.0,10.714417768752456,4.653212513775344
45000,AnnSql In-Memory,4150.78125,Filter3,8.331051848519417,3.6181298462618687,10.714417768752456,4.653212513775344
45000,AnnData Not-Backed,3438.375,Filter3,8.142754255038174,3.5363532404573035,10.714417768752456,4.653212513775344
45000,AnnSql On-Disk,55.5390625,Filter3,4.017086602009866,1.7445985445803691,10.714417768752456,4.653212513775344
45000,AnnData Backed,1.125,Filter3,0.11778303565638346,0.05115252244738129,10.714417768752456,4.653212513775344
45000,AnnSql In-Memory,3842.44921875,Filter4,8.253865259645528,3.5846081366370033,10.714417768752456,4.653212513775344
45000,AnnData Not-Backed,3438.375,Filter4,8.142754255038174,3.5363532404573035,10.714417768752456,4.653212513775344
45000,AnnSql On-Disk,53.15625,Filter4,3.973235689596135,1.725554335292663,10.714417768752456,4.653212513775344
45000,AnnData Backed,1.0,Filter4,0.0,0.0,10.714417768752456,4.653212513775344
45000,AnnSql In-Memory,3958.82421875,Filter5,8.283702345703631,3.5975662184681103,10.714417768752456,4.653212513775344
45000,AnnData Not-Backed,3438.5,Filter5,8.14279060875989,3.5363690286780414,10.714417768752456,4.653212513775344
45000,AnnSql On-Disk,53.20703125,Filter5,3.9741905539677793,1.725969027620234,10.714417768752456,4.653212513775344
45000,AnnData Backed,2.0,Filter5,0.6931471805599453,0.3010299956639812,10.714417768752456,4.653212513775344
45000,AnnSql In-Memory,3827.57421875,Filter6,8.249986518264803,3.5829236206586255,10.714417768752456,4.653212513775344
45000,AnnData Not-Backed,3441.33203125,Filter6,8.14361389380438,3.5367265768298966,10.714417768752456,4.653212513775344
45000,AnnSql On-Disk,60.58984375,Filter6,4.104127284145188,1.7823998325328345,10.714417768752456,4.653212513775344
45000,AnnData Backed,0.875,Filter6,-0.13353139262452263,-0.057991946977686754,10.714417768752456,4.653212513775344
50000,AnnSql In-Memory,4904.15234375,Filter1,8.497837542335409,3.69056395274656,10.819778284410283,4.698970004336019
50000,AnnData Not-Backed,3819.625,Filter1,8.247907529242605,3.5820207271983473,10.819778284410283,4.698970004336019
50000,AnnSql On-Disk,40.125,Filter1,3.69199958145018,1.6034150454129286,10.819778284410283,4.698970004336019
50000,AnnData Backed,2.375,Filter1,0.8649974374866045,0.3756636139608854,10.819778284410283,4.698970004336019
50000,AnnSql In-Memory,4245.34765625,Filter2,8.35357899321297,3.627913260895315,10.819778284410283,4.698970004336019
50000,AnnData Not-Backed,3819.625,Filter2,8.247907529242605,3.5820207271983473,10.819778284410283,4.698970004336019
50000,AnnSql On-Disk,39.85546875,Filter2,3.6852596291957425,1.600487921340535,10.819778284410283,4.698970004336019
50000,AnnData Backed,1.5,Filter2,0.4054651081081644,0.17609125905568124,10.819778284410283,4.698970004336019
50000,AnnSql In-Memory,4220.6796875,Filter3,8.347751457449368,3.6253823942700887,10.819778284410283,4.698970004336019
50000,AnnData Not-Backed,3819.5,Filter3,8.247874802981414,3.5820065143636985,10.819778284410283,4.698970004336019
50000,AnnSql On-Disk,41.75,Filter3,3.7316994512968646,1.6206564798196208,10.819778284410283,4.698970004336019
50000,AnnData Backed,1.625,Filter3,0.4855078157817008,0.21085336531489318,10.819778284410283,4.698970004336019
50000,AnnSql In-Memory,4221.4296875,Filter4,8.347929138161298,3.6254595600228208,10.819778284410283,4.698970004336019
50000,AnnData Not-Backed,3819.375,Filter4,8.24784207564918,3.581992301063902,10.819778284410283,4.698970004336019
50000,AnnSql On-Disk,42.42578125,Filter4,3.7477562258004737,1.627629848383703,10.819778284410283,4.698970004336019
50000,AnnData Backed,1.375,Filter4,0.3184537311185346,0.13830269816628143,10.819778284410283,4.698970004336019
50000,AnnSql In-Memory,4510.0546875,Filter5,8.414064558254692,3.654181808027735,10.819778284410283,4.698970004336019
50000,AnnData Not-Backed,3819.5,Filter5,8.247874802981414,3.5820065143636985,10.819778284410283,4.698970004336019
50000,AnnSql On-Disk,40.64453125,Filter5,3.704864294348172,1.6090021192357962,10.819778284410283,4.698970004336019
50000,AnnData Backed,2.5,Filter5,0.9162907318741551,0.3979400086720376,10.819778284410283,4.698970004336019
50000,AnnSql In-Memory,4207.3046875,Filter6,8.344577504904331,3.6240039641939563,10.819778284410283,4.698970004336019
50000,AnnData Not-Backed,3819.375,Filter6,8.24784207564918,3.581992301063902,10.819778284410283,4.698970004336019
50000,AnnSql On-Disk,44.015625,Filter6,3.7845446845167006,1.6436068730018862,10.819778284410283,4.698970004336019
50000,AnnData Backed,1.25,Filter6,0.22314355131420976,0.09691001300805642,10.819778284410283,4.698970004336019
75000,AnnSql In-Memory,8741.3671875,Filter1,9.075821885191619,3.9415793634754888,11.225243392518447,4.8750612633917
75000,AnnData Not-Backed,5727.75,Filter1,8.653078062436602,3.757984053994299,11.225243392518447,4.8750612633917
75000,AnnSql On-Disk,58.48828125,Filter1,4.068826413658156,1.7670688592739352,11.225243392518447,4.8750612633917
75000,AnnData Backed,3.125,Filter1,1.1394342831883648,0.49485002168009407,11.225243392518447,4.8750612633917
75000,AnnSql In-Memory,7667.05859375,Filter2,8.94468832586046,3.8846287822656334,11.225243392518447,4.8750612633917
75000,AnnData Not-Backed,5727.75,Filter2,8.653078062436602,3.757984053994299,11.225243392518447,4.8750612633917
75000,AnnSql On-Disk,65.80859375,Filter2,4.186750433906641,1.8182826105516996,11.225243392518447,4.8750612633917
75000,AnnData Backed,2.125,Filter2,0.7537718023763802,0.32735893438633035,11.225243392518447,4.8750612633917
75000,AnnSql In-Memory,7653.55859375,Filter3,8.942925994313523,3.8838634113995147,11.225243392518447,4.8750612633917
75000,AnnData Not-Backed,5727.375,Filter3,8.653012589558719,3.7579556194847195,11.225243392518447,4.8750612633917
75000,AnnSql On-Disk,65.07421875,Filter3,4.175528445430154,1.8134089628803793,11.225243392518447,4.8750612633917
75000,AnnData Backed,1.75,Filter3,0.5596157879354227,0.24303804868629442,11.225243392518447,4.8750612633917
75000,AnnSql In-Memory,7654.55859375,Filter4,8.943056643953733,3.8839201518173208,11.225243392518447,4.8750612633917
75000,AnnData Not-Backed,5727.375,Filter4,8.653012589558719,3.7579556194847195,11.225243392518447,4.8750612633917
75000,AnnSql On-Disk,60.5234375,Filter4,4.103030686712286,1.7819235863188556,11.225243392518447,4.8750612633917
75000,AnnData Backed,1.75,Filter4,0.5596157879354227,0.24303804868629442,11.225243392518447,4.8750612633917
75000,AnnSql In-Memory,7660.43359375,Filter5,8.943823866060837,3.88425335214483,11.225243392518447,4.8750612633917
75000,AnnData Not-Backed,5727.375,Filter5,8.653012589558719,3.7579556194847195,11.225243392518447,4.8750612633917
75000,AnnSql On-Disk,64.6875,Filter5,4.169567983459689,1.8108203671370118,11.225243392518447,4.8750612633917
75000,AnnData Backed,3.625,Filter5,1.2878542883066382,0.5593080109070125,11.225243392518447,4.8750612633917
75000,AnnSql In-Memory,7665.734375,Filter6,8.944515595588031,3.88455376646146,11.225243392518447,4.8750612633917
75000,AnnData Not-Backed,5727.375,Filter6,8.653012589558719,3.7579556194847195,11.225243392518447,4.8750612633917
75000,AnnSql On-Disk,69.31640625,Filter6,4.238681620601034,1.8408360383717621,11.225243392518447,4.8750612633917
75000,AnnData Backed,1.75,Filter6,0.5596157879354227,0.24303804868629442,11.225243392518447,4.8750612633917
100000,AnnSql In-Memory,10510.78125,Filter1,9.260156795076014,4.021634997660414,11.512925464970229,5.0
100000,AnnData Not-Backed,7636.125,Filter1,8.940645554538788,3.8828730289890347,11.512925464970229,5.0
100000,AnnSql On-Disk,43.5,Filter1,3.7727609380946383,1.6384892569546374,11.512925464970229,5.0
100000,AnnData Backed,46.0,Filter1,3.828641396489095,1.662757831681574,11.512925464970229,5.0
100000,AnnSql In-Memory,9692.828125,Filter2,9.179141522467038,3.9864505118164484,11.512925464970229,5.0
100000,AnnData Not-Backed,7635.875,Filter2,8.940612814884517,3.882858810337845,11.512925464970229,5.0
100000,AnnSql On-Disk,41.625,Filter2,3.7287009483006077,1.6193542465143762,11.512925464970229,5.0
100000,AnnData Backed,3.875,Filter2,1.3545456628053103,0.5882717068423291,11.512925464970229,5.0
100000,AnnSql In-Memory,9538.515625,Filter3,9.163093157472463,3.9794807954557356,11.512925464970229,5.0
100000,AnnData Not-Backed,7635.625,Filter3,8.940580074158325,3.8828445912211262,11.512925464970229,5.0
100000,AnnSql On-Disk,39.75390625,Filter3,3.682708106712369,1.5993798092055538,11.512925464970229,5.0
100000,AnnData Backed,2.5,Filter3,0.9162907318741551,0.3979400086720376,11.512925464970229,5.0
100000,AnnSql In-Memory,9498.640625,Filter4,9.158903975244717,3.977661456730538,11.512925464970229,5.0
100000,AnnData Not-Backed,7636.25,Filter4,8.940661923963976,3.8828801381400657,11.512925464970229,5.0
100000,AnnSql On-Disk,38.125,Filter4,3.6408702349275757,1.5812098523548423,11.512925464970229,5.0
100000,AnnData Backed,3.125,Filter4,1.1394342831883648,0.49485002168009407,11.512925464970229,5.0
100000,AnnSql In-Memory,9648.78125,Filter5,9.174586891020317,3.984472460512034,11.512925464970229,5.0
100000,AnnData Not-Backed,7635.875,Filter5,8.940612814884517,3.882858810337845,11.512925464970229,5.0
100000,AnnSql On-Disk,42.125,Filter5,3.740641388672526,1.624539913879395,11.512925464970229,5.0
100000,AnnData Backed,4.0,Filter5,1.3862943611198906,0.6020599913279624,11.512925464970229,5.0
100000,AnnSql In-Memory,9431.44921875,Filter6,9.151805045553504,3.974578430738225,11.512925464970229,5.0
100000,AnnData Not-Backed,7635.75,Filter6,8.940596444655414,3.8828517008376786,11.512925464970229,5.0
100000,AnnSql On-Disk,48.125,Filter6,3.8738017926079484,1.682370742516557,11.512925464970229,5.0
100000,AnnData Backed,2.5,Filter6,0.9162907318741551,0.3979400086720376,11.512925464970229,5.0
250000,AnnSql On-Disk,72.69140625,Filter1,4.286223169161665,1.8614830705727794,12.429216196844383,5.3979400086720375
250000,AnnData Backed,10.125,Filter1,2.315007612992603,1.0053950318867062,12.429216196844383,5.3979400086720375
250000,AnnSql On-Disk,73.765625,Filter2,4.300892837186615,1.8678540264473678,12.429216196844383,5.3979400086720375
250000,AnnData Backed,6.0,Filter2,1.791759469228055,0.7781512503836436,12.429216196844383,5.3979400086720375
250000,AnnSql On-Disk,72.76171875,Filter3,4.28718997555344,1.8619029492537962,12.429216196844383,5.3979400086720375
250000,AnnData Backed,3.625,Filter3,1.2878542883066382,0.5593080109070125,12.429216196844383,5.3979400086720375
250000,AnnSql On-Disk,74.3828125,Filter4,4.3092249003660745,1.871472595509076,12.429216196844383,5.3979400086720375
250000,AnnData Backed,5.25,Filter4,1.6582280766035324,0.7201593034059569,12.429216196844383,5.3979400086720375
250000,AnnSql On-Disk,78.9765625,Filter5,4.369151131234441,1.897498226896468,12.429216196844383,5.3979400086720375
250000,AnnData Backed,9.25,Filter5,2.224623551524334,0.9661417327390326,12.429216196844383,5.3979400086720375
250000,AnnSql On-Disk,89.80859375,Filter6,4.497680669504374,1.9533178961286728,12.429216196844383,5.3979400086720375
250000,AnnData Backed,4.625,Filter6,1.5314763709643886,0.6651117370750514,12.429216196844383,5.3979400086720375
1000,Seurat,472.67,Filter1,6.15839747058527,2.67455803884213,6.90775527898214,3
1000,Seurat,364.69,Filter2,5.89904767764161,2.56192385488394,6.90775527898214,3
1000,Seurat,298.12,Filter3,5.69749609001349,2.47439111255821,6.90775527898214,3
1000,Seurat,269.27,Filter4,5.59571459368639,2.43018797034349,6.90775527898214,3
1000,Seurat,247.22,Filter5,5.51027862845968,2.39308360208946,6.90775527898214,3
1000,Seurat,230.31,Filter6,5.43942622750792,2.36231279532651,6.90775527898214,3
5000,Seurat,2332.47,Filter1,7.75468307090245,3.3678160666015,8.51719319141624,3.69897000433602
5000,Seurat,1732.13,Filter2,7.45710714404241,3.23858048361894,8.51719319141624,3.69897000433602
5000,Seurat,1454.9,Filter3,7.28269244872134,3.16283314387816,8.51719319141624,3.69897000433602
5000,Seurat,1305.71,Filter4,7.17450223311178,3.11584673024301,8.51719319141624,3.69897000433602
5000,Seurat,1195.68,Filter5,7.08647034018198,3.07761496491209,8.51719319141624,3.69897000433602
5000,Seurat,1147.04,Filter6,7.04493999010456,3.05957856304196,8.51719319141624,3.69897000433602
10000,Seurat,4602.83,Filter1,8.43442661069985,3.66302493504489,9.21034037197618,4
10000,Seurat,3429.74,Filter2,8.14023973553762,3.53526119851357,9.21034037197618,4
10000,Seurat,2862.44,Filter3,7.95942968694413,3.45673639213676,9.21034037197618,4
10000,Seurat,2590.2,Filter4,7.85949037178949,3.41333329903991,9.21034037197618,4
10000,Seurat,2387.03,Filter5,7.77780519433694,3.37785787721898,9.21034037197618,4
10000,Seurat,2293.62,Filter6,7.73788663444743,3.36052146693344,9.21034037197618,4
15000,Seurat,6885.02,Filter1,8.83710331602419,3.83790520615823,9.61580548008435,4.17609125905568
15000,Seurat,5186.28,Filter2,8.55377195615674,3.71485596001766,9.61580548008435,4.17609125905568
15000,Seurat,4312.56,Filter3,8.36928697428631,3.63473515039731,9.61580548008435,4.17609125905568
15000,Seurat,3879.74,Filter4,8.26352342006275,3.58880262241154,9.61580548008435,4.17609125905568
15000,Seurat,3588.33,Filter5,8.18544219219355,3.55489237600772,9.61580548008435,4.17609125905568
15000,Seurat,3439.82,Filter6,8.14317442341702,3.53653571726571,9.61580548008435,4.17609125905568
20000,Seurat,9281.58,Filter1,9.13578706990858,3.96762191230437,9.90348755253613,4.30102999566398
20000,Seurat,6924.02,Filter2,8.84275180479568,3.84035831366279,9.90348755253613,4.30102999566398
20000,Seurat,5785.75,Filter3,8.66315327685977,3.76235966402227,9.90348755253613,4.30102999566398
20000,Seurat,5185.31,Filter4,8.55358490672597,3.71477472548203,9.90348755253613,4.30102999566398
20000,Seurat,4770.88,Filter5,8.47028605324003,3.67859849306422,9.90348755253613,4.30102999566398
20000,Seurat,4586.78,Filter6,8.43093353181628,3.6615079101609,9.90348755253613,4.30102999566398
25000,Seurat,11485.34,Filter1,9.3488267185161,4.06014385612123,10.1266311038503,4.39794000867204
25000,Seurat,8622.77,Filter2,9.06216165774492,3.93564680207384,10.1266311038503,4.39794000867204
25000,Seurat,7171.19,Filter3,8.87782688913888,3.85559122924533,10.1266311038503,4.39794000867204
25000,Seurat,6464.75,Filter4,8.77411962069802,3.8105517348282,10.1266311038503,4.39794000867204
25000,Seurat,5973.04,Filter5,8.69501128951216,3.77619542312161,10.1266311038503,4.39794000867204
25000,Seurat,5732.97,Filter6,8.65398900003231,3.75837966916547,10.1266311038503,4.39794000867204
30000,Seurat,13814.78,Filter1,9.53349431251121,4.14034397317965,10.3089526606443,4.47712125471966
30000,Seurat,10381.15,Filter2,9.24774694056386,4.01624546632456,10.3089526606443,4.47712125471966
30000,Seurat,8623.61,Filter3,9.0622590694917,3.93568910745794,10.3089526606443,4.47712125471966
30000,Seurat,7760.71,Filter4,8.95682910383723,3.88990145514696,10.3089526606443,4.47712125471966
30000,Seurat,7161.31,Filter5,8.87644820411324,3.85499247394641,10.3089526606443,4.47712125471966
30000,Seurat,6879.17,Filter6,8.83625328411497,3.83753604199062,10.3089526606443,4.47712125471966
35000,Seurat,16024.38,Filter1,9.68186659149283,4.20478123520878,10.4631033404715,4.54406804435028
35000,Seurat,12067.97,Filter2,9.3983101143627,4.08163422188324,10.4631033404715,4.54406804435028
35000,Seurat,10071.26,Filter3,9.21744110201632,4.00308380787392,10.4631033404715,4.54406804435028
35000,Seurat,9086.46,Filter4,9.11454067237659,3.95839471909591,10.4631033404715,4.54406804435028
35000,Seurat,8346.25,Filter5,9.02956761517208,3.92149138924154,10.4631033404715,4.54406804435028
35000,Seurat,8026.88,Filter6,8.99055118847455,3.90454677042322,10.4631033404715,4.54406804435028
40000,Seurat,18379.04,Filter1,9.81896616386008,4.26432282295917,10.5966347330961,4.60205999132796
40000,Seurat,13816.26,Filter2,9.5336014384103,4.1403904973665,10.5966347330961,4.60205999132796
40000,Seurat,11514.96,Filter3,9.35140233851883,4.06126243367589,10.5966347330961,4.60205999132796
40000,Seurat,10391.59,Filter4,9.24875210414642,4.01668200332188,10.5966347330961,4.60205999132796
40000,Seurat,9561.96,Filter5,9.16554800595203,3.98054692260432,10.5966347330961,4.60205999132796
40000,Seurat,9173.08,Filter6,9.12402838671876,3.96251518108059,10.5966347330961,4.60205999132796
45000,Seurat,20655.28,Filter1,9.93572625577868,4.31503108658594,10.7144177687525,4.65321251377534
45000,Seurat,15510.43,Filter2,9.64926797983528,4.1906238380482,10.7144177687525,4.65321251377534
45000,Seurat,12985.72,Filter3,9.47160557115416,4.11346603431635,10.7144177687525,4.65321251377534
45000,Seurat,11705.44,Filter4,9.36780896999167,4.06838774319117,10.7144177687525,4.65321251377534
45000,Seurat,10739.59,Filter5,9.28169219228761,4.03098770183501,10.7144177687525,4.65321251377534
45000,Seurat,10319.29,Filter6,9.24177023821922,4.01364981747631,10.7144177687525,4.65321251377534
50000,Seurat,22994.33,Filter1,10.0430029427807,4.36162075978777,10.8197782844103,4.69897000433602
50000,Seurat,17277.06,Filter2,9.7571348889939,4.23746984147575,10.8197782844103,4.69897000433602
50000,Seurat,14371.16,Filter3,9.57297869954508,4.1574918245898,10.8197782844103,4.69897000433602
50000,Seurat,12956.9,Filter4,9.46938374376311,4.11250110694067,10.8197782844103,4.69897000433602
50000,Seurat,11944.96,Filter5,9.38806471107285,4.07718469976958,10.8197782844103,4.69897000433602
50000,Seurat,11465.48,Filter6,9.347096060966,4.05939224109715,10.8197782844103,4.69897000433602
75000,Seurat,34473.84,Filter1,10.4479560545247,4.53748966164775,11.2252433925184,4.8750612633917
75000,Seurat,25833.65,Filter2,10.1594331846627,4.4121857713638,11.2252433925184,4.8750612633917
75000,Seurat,21568.66,Filter3,9.97899661413404,4.33382316444965,11.2252433925184,4.8750612633917
75000,Seurat,19440.31,Filter4,9.87510402438934,4.28870318601289,11.2252433925184,4.8750612633917
75000,Seurat,17900.2,Filter5,9.79256716495078,4.2528578834051,11.2252433925184,4.8750612633917
75000,Seurat,17199.49,Filter6,9.75263501119915,4.23551556938025,11.2252433925184,4.8750612633917
100000,Seurat,46009.18,Filter1,10.7365962207781,4.66284449310725,11.5129254649702,5
100000,Seurat,34506.37,Filter2,10.4488992236572,4.53789927479748,11.5129254649702,5
100000,Seurat,28752.83,Filter3,10.2664914761637,4.45868059660467,11.5129254649702,5
100000,Seurat,25890.84,Filter4,10.1616445171787,4.41314614087314,11.5129254649702,5
100000,Seurat,23859.99,Filter5,10.0799582765403,4.37767025731648,11.5129254649702,5
100000,Seurat,22931.5,Filter6,10.0402667901973,4.36043246381918,11.5129254649702,5
