size,method,runtime,filter_type,runtime_log,runtime_log10,size_log,size_log10
1000,AnnSql In-Memory,0.0066308975219726,Filter1,-5.016015111099897,-2.1784276838940118,6.907755278982137,3.0
1000,AnnData Not-Backed,0.0023517608642578,Filter1,-6.052590927474622,-2.6286068410199133,6.907755278982137,3.0
1000,AnnSql On-Disk,0.0290558338165283,Filter1,-3.538535995999754,-1.5367666570787204,6.907755278982137,3.0
1000,AnnData Backed,0.0324773788452148,Filter1,-3.4272114675234886,-1.4884190286609968,6.907755278982137,3.0
1000,AnnSql In-Memory,0.0242516994476318,Filter2,-3.719268583739442,-1.615257822634162,6.907755278982137,3.0
1000,AnnData Not-Backed,0.0018901824951171,Filter2,-6.27108189630902,-2.7234962631303876,6.907755278982137,3.0
1000,AnnSql On-Disk,0.1704628467559814,Filter2,-1.769237913593426,-0.7683702630476471,6.907755278982137,3.0
1000,AnnData Backed,0.0444393157958984,Filter2,-3.1136307104611287,-1.3522326362377697,6.907755278982137,3.0
1000,AnnSql In-Memory,0.0221362113952636,Filter3,-3.8105404867028696,-1.6548967064439877,6.907755278982137,3.0
1000,AnnData Not-Backed,0.0030670166015625,Filter3,-5.787049980900049,-2.51328387320321,6.907755278982137,3.0
1000,AnnSql On-Disk,0.1682362556457519,Filter3,-1.7823860038639405,-0.7740804060996975,6.907755278982137,3.0
1000,AnnData Backed,0.0506765842437744,Filter3,-2.982291324305426,-1.2951926655737878,6.907755278982137,3.0
1000,AnnSql In-Memory,0.0280990600585937,Filter4,-3.572019153074007,-1.5513082074327682,6.907755278982137,3.0
1000,AnnData Not-Backed,0.0022850036621093,Filter4,-6.081387651963599,-2.6411130995623644,6.907755278982137,3.0
1000,AnnSql On-Disk,0.1758747100830078,Filter4,-1.7379834119753375,-0.754796605460275,6.907755278982137,3.0
1000,AnnData Backed,0.0715680122375488,Filter4,-2.6371070612997523,-1.1452810449105828,6.907755278982137,3.0
1000,AnnSql In-Memory,0.028235912322998,Filter5,-3.567160624603258,-1.549198175327752,6.907755278982137,3.0
1000,AnnData Not-Backed,0.0042767524719238,Filter5,-5.454561325640855,-2.3688858849287096,6.907755278982137,3.0
1000,AnnSql On-Disk,0.1929962635040283,Filter5,-1.6450844503474154,-0.7144510990507266,6.907755278982137,3.0
1000,AnnData Backed,0.0612211227416992,Filter5,-2.7932630061737225,-1.2130987100857364,6.907755278982137,3.0
1000,AnnSql In-Memory,0.0236592292785644,Filter6,-3.7440019958329507,-1.6259994070250121,6.907755278982137,3.0
1000,AnnData Not-Backed,0.0030148029327392,Filter6,-5.804220813214751,-2.520741070927171,6.907755278982137,3.0
1000,AnnSql On-Disk,0.1953077316284179,Filter6,-1.6331788534119447,-0.7092805639978874,6.907755278982137,3.0
1000,AnnData Backed,0.0226128101348876,Filter6,-3.7892387131579777,-1.6456454637386886,6.907755278982137,3.0
5000,AnnSql In-Memory,0.0068755149841308,Filter1,-4.979788731452214,-2.1626947671136905,8.517193191416238,3.6989700043360187
5000,AnnData Not-Backed,0.0017766952514648,Filter1,-6.333000240597342,-2.750387058383392,8.517193191416238,3.6989700043360187
5000,AnnSql On-Disk,0.0164530277252197,Filter1,-4.10724576246267,-1.7837541704580517,8.517193191416238,3.6989700043360187
5000,AnnData Backed,0.1317038536071777,Filter1,-2.0271994101660864,-0.8804015175526582,8.517193191416238,3.6989700043360187
5000,AnnSql In-Memory,0.0070006847381591,Filter2,-4.961747314973848,-2.154859479491418,8.517193191416238,3.6989700043360187
5000,AnnData Not-Backed,0.0025568008422851,Filter2,-5.968998472962969,-2.5923030992967537,8.517193191416238,3.6989700043360187
5000,AnnSql On-Disk,0.1510264873504638,Filter2,-1.8903000446332807,-0.8209468785257044,8.517193191416238,3.6989700043360187
5000,AnnData Backed,0.1631207466125488,Filter2,-1.8132645756509536,-0.7874907994358507,8.517193191416238,3.6989700043360187
5000,AnnSql In-Memory,0.0108187198638916,Filter3,-4.526477324588027,-1.9658241245287746,8.517193191416238,3.6989700043360187
5000,AnnData Not-Backed,0.0046479701995849,Filter3,-5.371324670902112,-2.3327366650835875,8.517193191416238,3.6989700043360187
5000,AnnSql On-Disk,0.1417403221130371,Filter3,-1.9537586130399094,-0.8485065846141833,8.517193191416238,3.6989700043360187
5000,AnnData Backed,0.2101016044616699,Filter3,-1.5601640345031786,-0.6775706310486451,8.517193191416238,3.6989700043360187
5000,AnnSql In-Memory,0.009291648864746,Filter4,-4.678639253773575,-2.0319072107298117,8.517193191416238,3.6989700043360187
5000,AnnData Not-Backed,0.003251314163208,Filter4,-5.728696006460965,-2.4879410641071926,8.517193191416238,3.6989700043360187
5000,AnnSql On-Disk,0.1540813446044922,Filter4,-1.87027460430573,-0.8122499402937663,8.517193191416238,3.6989700043360187
5000,AnnData Backed,0.280299425125122,Filter4,-1.2718968717406398,-0.552377792946968,8.517193191416238,3.6989700043360187
5000,AnnSql In-Memory,0.0117335319519042,Filter5,-4.44530455747036,-1.930571239688754,8.517193191416238,3.6989700043360187
5000,AnnData Not-Backed,0.0056695938110351,Filter5,-5.172637802074034,-2.246448054324918,8.517193191416238,3.6989700043360187
5000,AnnSql On-Disk,0.199019193649292,Filter5,-1.6143540084097403,-0.701105037690746,8.517193191416238,3.6989700043360187
5000,AnnData Backed,0.2842719554901123,Filter5,-1.2578239092635966,-0.5462659829991565,8.517193191416238,3.6989700043360187
5000,AnnSql In-Memory,0.0129289627075195,Filter6,-4.348285313119519,-1.8884363172287608,8.517193191416238,3.6989700043360187
5000,AnnData Not-Backed,0.003082275390625,Filter6,-5.78208719155792,-2.5111285611770753,8.517193191416238,3.6989700043360187
5000,AnnSql On-Disk,0.1373775005340576,Filter6,-1.9850226641742739,-0.8620843895037789,8.517193191416238,3.6989700043360187
5000,AnnData Backed,0.0770788192749023,Filter6,-2.5629267537304843,-1.1130649466673639,8.517193191416238,3.6989700043360187
10000,AnnSql In-Memory,0.0072100162506103,Filter1,-4.932284073789026,-2.1420637564258653,9.210340371976184,4.0
10000,AnnData Not-Backed,0.0021963119506835,Filter1,-6.1209757113782635,-2.6583059753154115,9.210340371976184,4.0
10000,AnnSql On-Disk,0.0336368083953857,Filter1,-3.392134323664134,-1.4731852186419525,9.210340371976184,4.0
10000,AnnData Backed,0.3446838855743408,Filter1,-1.0651275556836823,-0.46257901995652184,9.210340371976184,4.0
10000,AnnSql In-Memory,0.0204710960388183,Filter2,-3.8887413370775574,-1.6888589042418565,9.210340371976184,4.0
10000,AnnData Not-Backed,0.0061814785003662,Filter2,-5.086197796584297,-2.2089076369250384,9.210340371976184,4.0
10000,AnnSql On-Disk,0.1577963829040527,Filter2,-1.8464497928606263,-0.8019029561507723,9.210340371976184,4.0
10000,AnnData Backed,0.2598569393157959,Filter2,-1.3476240328013438,-0.5852656811258306,9.210340371976184,4.0
10000,AnnSql In-Memory,0.008812665939331,Filter3,-4.731565281026025,-2.0548926923146116,9.210340371976184,4.0
10000,AnnData Not-Backed,0.0031700134277343,Filter3,-5.754019455223591,-2.4989388981675607,9.210340371976184,4.0
10000,AnnSql On-Disk,0.1516239643096923,Filter3,-1.8863517423450946,-0.8192321526290592,9.210340371976184,4.0
10000,AnnData Backed,0.3313279151916504,Filter3,-1.1046467136676674,-0.4797419721984294,9.210340371976184,4.0
10000,AnnSql In-Memory,0.0124444961547851,Filter4,-4.386476829736663,-1.905022682151103,9.210340371976184,4.0
10000,AnnData Not-Backed,0.0042757987976074,Filter4,-5.454784340806809,-2.368982739184664,9.210340371976184,4.0
10000,AnnSql On-Disk,0.1398136615753173,Filter4,-1.9674447316728376,-0.8544503904151374,9.210340371976184,4.0
10000,AnnData Backed,0.3929276466369629,Filter4,-0.9341297893117859,-0.40568741287955584,9.210340371976184,4.0
10000,AnnSql In-Memory,0.0150172710418701,Filter5,-4.1985543374444045,-1.8234089807230682,9.210340371976184,4.0
10000,AnnData Not-Backed,0.0033562183380126,Filter5,-5.69694043349086,-2.4741497939965997,9.210340371976184,4.0
10000,AnnSql On-Disk,0.1831982135772705,Filter5,-1.697186578005423,-0.737078765588018,9.210340371976184,4.0
10000,AnnData Backed,0.3814773559570312,Filter5,-0.9637037853087846,-0.4185312361488812,9.210340371976184,4.0
10000,AnnSql In-Memory,0.0125389099121093,Filter6,-4.378918676414802,-1.9017402178700398,9.210340371976184,4.0
10000,AnnData Not-Backed,0.0017821788787841,Filter6,-6.329918574059954,-2.7490487076111383,9.210340371976184,4.0
10000,AnnSql On-Disk,0.1479394435882568,Filter6,-1.910952253893049,-0.8299160190463332,9.210340371976184,4.0
10000,AnnData Backed,0.1215174198150634,Filter6,-2.10769765351497,-0.9153614604419836,9.210340371976184,4.0
15000,AnnSql In-Memory,0.0073332786560058,Filter1,-4.915332570318936,-2.1347018120088412,9.615805480084347,4.176091259055681
15000,AnnData Not-Backed,0.0040037631988525,Filter1,-5.520520560423798,-2.397531616625503,9.615805480084347,4.176091259055681
15000,AnnSql On-Disk,0.0266425609588623,Filter1,-3.625245305840916,-1.5744240318723763,9.615805480084347,4.176091259055681
15000,AnnData Backed,0.7455713748931885,Filter1,-0.2936044083901464,-0.1275107744263094,9.615805480084347,4.176091259055681
15000,AnnSql In-Memory,0.0119614601135253,Filter2,-4.426065454840506,-1.922215803579838,9.615805480084347,4.176091259055681
15000,AnnData Not-Backed,0.0042014122009277,Filter2,-5.47233457189213,-2.376604707701146,9.615805480084347,4.176091259055681
15000,AnnSql On-Disk,0.1476960182189941,Filter2,-1.9125990483796602,-0.830631212804697,9.615805480084347,4.176091259055681
15000,AnnData Backed,0.59853196144104,Filter2,-0.5132753528351388,-0.22291265343324537,9.615805480084347,4.176091259055681
15000,AnnSql In-Memory,0.0170485973358154,Filter3,-4.071687346330895,-1.7683113465468023,9.615805480084347,4.176091259055681
15000,AnnData Not-Backed,0.0042972564697265,Filter3,-5.4497784902067306,-2.366808725891818,9.615805480084347,4.176091259055681
15000,AnnSql On-Disk,0.1792225837707519,Filter3,-1.719126760875426,-0.7466072659404086,9.615805480084347,4.176091259055681
15000,AnnData Backed,1.0310630798339844,Filter3,0.03059038631935383,0.013285235977784093,9.615805480084347,4.176091259055681
15000,AnnSql In-Memory,0.0255706310272216,Filter4,-3.666310811562681,-1.5922585544039052,9.615805480084347,4.176091259055681
15000,AnnData Not-Backed,0.0113215446472167,Filter4,-4.481047762581618,-1.9460943164341094,9.615805480084347,4.176091259055681
15000,AnnSql On-Disk,0.2352039813995361,Filter4,-1.4473021353818214,-0.6285553310431181,9.615805480084347,4.176091259055681
15000,AnnData Backed,0.6420807838439941,Filter4,-0.443041151675598,-0.19241032742877384,9.615805480084347,4.176091259055681
15000,AnnSql In-Memory,0.0130822658538818,Filter5,-4.336497717536643,-1.8833170295122106,9.615805480084347,4.176091259055681
15000,AnnData Not-Backed,0.004765510559082,Filter5,-5.346350599854707,-2.32189056383704,9.615805480084347,4.176091259055681
15000,AnnSql On-Disk,0.1559035778045654,Filter5,-1.858517553825963,-0.8071439181469456,9.615805480084347,4.176091259055681
15000,AnnData Backed,0.5821216106414795,Filter5,-0.5410759000861023,-0.23498627769822944,9.615805480084347,4.176091259055681
15000,AnnSql In-Memory,0.0183072090148925,Filter6,-4.00046036146685,-1.737377860057741,9.615805480084347,4.176091259055681
15000,AnnData Not-Backed,0.002720832824707,Filter6,-5.906817259985417,-2.5652981416225527,9.615805480084347,4.176091259055681
15000,AnnSql On-Disk,0.1868901252746582,Filter6,-1.677234400187891,-0.7284136448599114,9.615805480084347,4.176091259055681
15000,AnnData Backed,0.2027835845947265,Filter6,-1.5956159543542219,-0.6929672042128295,9.615805480084347,4.176091259055681
20000,AnnSql In-Memory,0.0082125663757324,Filter1,-4.802089812923108,-2.0855211073563247,9.903487552536127,4.301029995663981
20000,AnnData Not-Backed,0.0110495090484619,Filter1,-4.505369282008865,-1.9566570181128657,9.903487552536127,4.301029995663981
20000,AnnSql On-Disk,0.0320179462432861,Filter1,-3.441458713280542,-1.4946065288756047,9.903487552536127,4.301029995663981
20000,AnnData Backed,2.171206474304199,Filter1,0.7752829919953663,0.33670112533703056,9.903487552536127,4.301029995663981
20000,AnnSql In-Memory,0.0147762298583984,Filter2,-4.214735480007061,-1.8304363616489199,9.903487552536127,4.301029995663981
20000,AnnData Not-Backed,0.0056819915771484,Filter2,-5.170453477925685,-2.245499414400602,9.903487552536127,4.301029995663981
20000,AnnSql On-Disk,0.1694691181182861,Filter2,-1.7750845627533862,-0.7709094305154421,9.903487552536127,4.301029995663981
20000,AnnData Backed,1.0064904689788818,Filter2,0.0064694965833074275,0.002809666666822357,9.903487552536127,4.301029995663981
20000,AnnSql In-Memory,0.0231556892395019,Filter3,-3.7655147731567835,-1.6353422875071661,9.903487552536127,4.301029995663981
20000,AnnData Not-Backed,0.0117557048797607,Filter3,-4.443416634537722,-1.9297513251768508,9.903487552536127,4.301029995663981
20000,AnnSql On-Disk,0.1936261653900146,Filter3,-1.6418259614639166,-0.71303595530928,9.903487552536127,4.301029995663981
20000,AnnData Backed,0.928030490875244,Filter3,-0.07469069018910181,-0.032437754598672264,9.903487552536127,4.301029995663981
20000,AnnSql In-Memory,0.0169639587402343,Filter4,-4.076664259568323,-1.7704727925027288,9.903487552536127,4.301029995663981
20000,AnnData Not-Backed,0.0049726963043212,Filter4,-5.30379307002218,-2.30340806346734,9.903487552536127,4.301029995663981
20000,AnnSql On-Disk,0.1772501468658447,Filter4,-1.7301932849900195,-0.7514133962972258,9.903487552536127,4.301029995663981
20000,AnnData Backed,1.1232664585113523,Filter4,0.11624092144155641,0.050482790753417335,9.903487552536127,4.301029995663981
20000,AnnSql In-Memory,0.0233728885650634,Filter5,-3.756178536654616,-1.6312876115125312,9.903487552536127,4.301029995663981
20000,AnnData Not-Backed,0.0069341659545898,Filter5,-4.971294498548856,-2.1590057686357613,9.903487552536127,4.301029995663981
20000,AnnSql On-Disk,0.1948592662811279,Filter5,-1.6354776923562517,-0.7102789370661843,9.903487552536127,4.301029995663981
20000,AnnData Backed,1.1617062091827393,Filter5,0.14988979443369008,0.06509631061616435,9.903487552536127,4.301029995663981
20000,AnnSql In-Memory,0.0280506610870361,Filter6,-3.573743079125877,-1.5520568990043044,9.903487552536127,4.301029995663981
20000,AnnData Not-Backed,0.0027103424072265,Filter6,-5.910680302541883,-2.5669758396881828,9.903487552536127,4.301029995663981
20000,AnnSql On-Disk,0.3001687526702881,Filter6,-1.2034104535738035,-0.5226345194517923,9.903487552536127,4.301029995663981
20000,AnnData Backed,0.3014731407165527,Filter6,-1.1990743523004854,-0.5207513745958167,9.903487552536127,4.301029995663981
25000,AnnSql In-Memory,0.0048713684082031,Filter1,-5.324380394046481,-2.3123490246882485,10.126631103850338,4.3979400086720375
25000,AnnData Not-Backed,0.0031976699829101,Filter1,-5.7453328647326956,-2.4951663598508116,10.126631103850338,4.3979400086720375
25000,AnnSql On-Disk,0.0132904052734375,Filter1,-4.320712912106623,-1.876461775616036,10.126631103850338,4.3979400086720375
25000,AnnData Backed,1.5803046226501465,Filter1,0.45761762760117103,0.1987408104888458,10.126631103850338,4.3979400086720375
25000,AnnSql In-Memory,0.0056025981903076,Filter2,-5.184524826283452,-2.2516105233453185,10.126631103850338,4.3979400086720375
25000,AnnData Not-Backed,0.0035364627838134,Filter2,-5.644628264995206,-2.4514309078825445,10.126631103850338,4.3979400086720375
25000,AnnSql On-Disk,0.133127212524414,Filter2,-2.016450122754855,-0.8757331613455683,10.126631103850338,4.3979400086720375
25000,AnnData Backed,0.9063494205474854,Filter2,-0.09833037339874534,-0.042704338570561405,10.126631103850338,4.3979400086720375
25000,AnnSql In-Memory,0.009317398071289,Filter3,-4.675871866162084,-2.030705349560854,10.126631103850338,4.3979400086720375
25000,AnnData Not-Backed,0.0058455467224121,Filter3,-5.1420751516638585,-2.233174863899441,10.126631103850338,4.3979400086720375
25000,AnnSql On-Disk,0.133023977279663,Filter3,-2.0172258867107056,-0.8760700713508536,10.126631103850338,4.3979400086720375
25000,AnnData Backed,0.7549934387207031,Filter3,-0.2810462202070292,-0.12205682259567896,10.126631103850338,4.3979400086720375
25000,AnnSql In-Memory,0.0054883956909179,Filter4,-5.205119290042935,-2.2605545853138187,10.126631103850338,4.3979400086720375
25000,AnnData Not-Backed,0.0079162120819091,Filter4,-4.8388424600507935,-2.101482579199216,10.126631103850338,4.3979400086720375
25000,AnnSql On-Disk,0.1326584815979004,Filter4,-2.0199772607673547,-0.8772649779213081,10.126631103850338,4.3979400086720375
25000,AnnData Backed,0.8591461181640625,Filter4,-0.151816268827999,-0.06593296781514063,10.126631103850338,4.3979400086720375
25000,AnnSql In-Memory,0.0055387020111083,Filter5,-5.19599509969785,-2.256591999795113,10.126631103850338,4.3979400086720375
25000,AnnData Not-Backed,0.0070741176605224,Filter5,-4.951312555523714,-2.1503277210422373,10.126631103850338,4.3979400086720375
25000,AnnSql On-Disk,0.1315264701843261,Filter5,-2.0285471534438875,-0.8809868350212295,10.126631103850338,4.3979400086720375
25000,AnnData Backed,0.8352596759796143,Filter5,-0.18001261328125576,-0.0781784846210334,10.126631103850338,4.3979400086720375
25000,AnnSql In-Memory,0.0138020515441894,Filter6,-4.28293803524575,-1.8600563550407845,10.126631103850338,4.3979400086720375
25000,AnnData Not-Backed,0.0022721290588378,Filter6,-6.087037975670589,-2.6435670039692774,10.126631103850338,4.3979400086720375
25000,AnnSql On-Disk,0.1373391151428222,Filter6,-1.9853021186323931,-0.8622057550328834,10.126631103850338,4.3979400086720375
25000,AnnData Backed,0.2283151149749755,Filter6,-1.477028521002052,-0.6414653362849124,10.126631103850338,4.3979400086720375
30000,AnnSql In-Memory,0.0065164566040039,Filter1,-5.033424516418129,-2.185988492556937,10.308952660644293,4.477121254719663
30000,AnnData Not-Backed,0.0040059089660644,Filter1,-5.519984766394018,-2.3972989242349323,10.308952660644293,4.477121254719663
30000,AnnSql On-Disk,0.0204780101776123,Filter1,-3.8884036428273747,-1.6887122454924317,10.308952660644293,4.477121254719663
30000,AnnData Backed,3.2599539756774902,Filter1,1.1817130773886175,0.513211468702787,10.308952660644293,4.477121254719663
30000,AnnSql In-Memory,0.0074265003204345,Filter2,-4.902700551347243,-2.129215795874138,10.308952660644293,4.477121254719663
30000,AnnData Not-Backed,0.0039095878601074,Filter2,-5.54432331716268,-2.407869022531284,10.308952660644293,4.477121254719663
30000,AnnSql On-Disk,0.1450316905975341,Filter2,-1.9308030045963493,-0.8385370905384135,10.308952660644293,4.477121254719663
30000,AnnData Backed,1.5807969570159912,Filter2,0.45792912304503314,0.1988760912412531,10.308952660644293,4.477121254719663
30000,AnnSql In-Memory,0.017043113708496,Filter3,-4.0720090449021145,-1.7684510584611193,10.308952660644293,4.477121254719663
30000,AnnData Not-Backed,0.0076332092285156,Filter3,-4.8752469154952855,-2.1172928333154517,10.308952660644293,4.477121254719663
30000,AnnSql On-Disk,0.1488220691680908,Filter3,-1.9050038532789388,-0.8273326614834751,10.308952660644293,4.477121254719663
30000,AnnData Backed,0.9840891361236572,Filter3,-0.016038800540979937,-0.006965562571294477,10.308952660644293,4.477121254719663
30000,AnnSql In-Memory,0.0151209831237792,Filter4,-4.191671888930582,-1.8204199713115323,10.308952660644293,4.477121254719663
30000,AnnData Not-Backed,0.0114674568176269,Filter4,-4.468242097131003,-1.9405328865918083,10.308952660644293,4.477121254719663
30000,AnnSql On-Disk,0.1510040760040283,Filter4,-1.8904484491273672,-0.8210113297785759,10.308952660644293,4.477121254719663
30000,AnnData Backed,1.0528240203857422,Filter4,0.05147609704458174,0.02235578489637814,10.308952660644293,4.477121254719663
30000,AnnSql In-Memory,0.0154345035552978,Filter5,-4.171149785115224,-1.8115073348674766,10.308952660644293,4.477121254719663
30000,AnnData Not-Backed,0.011474609375,Filter5,-4.4676185650092854,-1.9402620900320569,10.308952660644293,4.477121254719663
30000,AnnSql On-Disk,0.1523208618164062,Filter5,-1.881766050021749,-0.8172406117573241,10.308952660644293,4.477121254719663
30000,AnnData Backed,1.01786470413208,Filter5,0.017707005692799805,0.007690054863412421,10.308952660644293,4.477121254719663
30000,AnnSql In-Memory,0.0251803398132324,Filter6,-3.6816917550943127,-1.5989384133061586,10.308952660644293,4.477121254719663
30000,AnnData Not-Backed,0.0033397674560546,Filter6,-5.701854098353135,-2.476283771532208,10.308952660644293,4.477121254719663
30000,AnnSql On-Disk,0.2217130661010742,Filter6,-1.5063712281422,-0.6542087120799819,10.308952660644293,4.477121254719663
30000,AnnData Backed,0.2861783504486084,Filter6,-1.2511400595546547,-0.5433632239526923,10.308952660644293,4.477121254719663
35000,AnnSql In-Memory,0.005807876586914,Filter1,-5.148540250494975,-2.235982620646753,10.46310334047155,4.544068044350276
35000,AnnData Not-Backed,0.0051321983337402,Filter1,-5.27222118649456,-2.2896965686680026,10.46310334047155,4.544068044350276
35000,AnnSql On-Disk,0.0221061706542968,Filter1,-3.811898494305167,-1.6554864816520483,10.46310334047155,4.544068044350276
35000,AnnData Backed,4.569986820220947,Filter1,1.5195103209240437,0.6599149475723515,10.46310334047155,4.544068044350276
35000,AnnSql In-Memory,0.0124273300170898,Filter2,-4.387857198054004,-1.9056221684943178,10.46310334047155,4.544068044350276
35000,AnnData Not-Backed,0.0050911903381347,Filter2,-5.280243617580562,-2.293180666220102,10.46310334047155,4.544068044350276
35000,AnnSql On-Disk,0.1398470401763916,Filter2,-1.9672060238313445,-0.8543467209167899,10.46310334047155,4.544068044350276
35000,AnnData Backed,2.037808656692505,Filter2,0.711875042606982,0.30916340280885457,10.46310334047155,4.544068044350276
35000,AnnSql In-Memory,0.0166571140289306,Filter3,-4.094917884804253,-1.7784002412174225,10.46310334047155,4.544068044350276
35000,AnnData Not-Backed,0.0076508522033691,Filter3,-4.8729382382149,-2.1162901875120848,10.46310334047155,4.544068044350276
35000,AnnSql On-Disk,0.1439447402954101,Filter3,-1.9383258010047641,-0.8418041995070696,10.46310334047155,4.544068044350276
35000,AnnData Backed,1.2045509815216064,Filter3,0.18610686805636562,0.08082518584117615,10.46310334047155,4.544068044350276
35000,AnnSql In-Memory,0.0138423442840576,Filter4,-4.280022958450337,-1.8587903532742123,10.46310334047155,4.544068044350276
35000,AnnData Not-Backed,0.0089647769927978,Filter4,-4.714452047549797,-2.0474605094483636,10.46310334047155,4.544068044350276
35000,AnnSql On-Disk,0.2042443752288818,Filter4,-1.588438084280306,-0.6898498948479094,10.46310334047155,4.544068044350276
35000,AnnData Backed,1.3312053680419922,Filter4,0.28608482356014436,0.12424506022843611,10.46310334047155,4.544068044350276
35000,AnnSql In-Memory,0.0142476558685302,Filter5,-4.251162886253182,-1.8462565831716584,10.46310334047155,4.544068044350276
35000,AnnData Not-Backed,0.0099377632141113,Filter5,-4.611413312397864,-2.0027113553495886,10.46310334047155,4.544068044350276
35000,AnnSql On-Disk,0.1605832576751709,Filter5,-1.8289427315016782,-0.7942997360082396,10.46310334047155,4.544068044350276
35000,AnnData Backed,1.2458994388580322,Filter5,0.21985770993172285,0.095482990227233,10.46310334047155,4.544068044350276
35000,AnnSql In-Memory,0.0255303382873535,Filter6,-3.667887797234727,-1.5929434305793153,10.46310334047155,4.544068044350276
35000,AnnData Not-Backed,0.0036647319793701,Filter6,-5.609000076093869,-2.435957782042487,10.46310334047155,4.544068044350276
35000,AnnSql On-Disk,0.2101531028747558,Filter6,-1.5599189525924009,-0.67746419332718,10.46310334047155,4.544068044350276
35000,AnnData Backed,0.321885347366333,Filter6,-1.1335598609233057,-0.4922987925060093,10.46310334047155,4.544068044350276
40000,AnnSql In-Memory,0.0054965019226074,Filter1,-5.203643403157843,-2.2599136157837094,10.596634733096073,4.6020599913279625
40000,AnnData Not-Backed,0.0099096298217773,Filter1,-4.614248285346264,-2.0039425684574237,10.596634733096073,4.6020599913279625
40000,AnnSql On-Disk,0.0204842090606689,Filter1,-3.8881009793868095,-1.6885808004303204,10.596634733096073,4.6020599913279625
40000,AnnData Backed,5.869754314422607,Filter1,1.7698127785215976,0.7686199237137917,10.596634733096073,4.6020599913279625
40000,AnnSql In-Memory,0.0111808776855468,Filter2,-4.49355030936813,-1.951524103513229,10.596634733096073,4.6020599913279625
40000,AnnData Not-Backed,0.007695198059082,Filter2,-4.867158773350404,-2.1137801978130804,10.596634733096073,4.6020599913279625
40000,AnnSql On-Disk,0.1376821994781494,Filter2,-1.982807151914843,-0.861122204754919,10.596634733096073,4.6020599913279625
40000,AnnData Backed,2.560729503631592,Filter2,0.9402921802535011,0.40836370526087334,10.596634733096073,4.6020599913279625
40000,AnnSql In-Memory,0.0112547874450683,Filter3,-4.486961690179978,-1.9486627025564525,10.596634733096073,4.6020599913279625
40000,AnnData Not-Backed,0.0090820789337158,Filter3,-4.701452155118006,-2.0418147278999013,10.596634733096073,4.6020599913279625
40000,AnnSql On-Disk,0.1414241790771484,Filter3,-1.955991542421358,-0.8494763335230261,10.596634733096073,4.6020599913279625
40000,AnnData Backed,1.4483211040496826,Filter3,0.3704050263194773,0.16086485899977776,10.596634733096073,4.6020599913279625
40000,AnnSql In-Memory,0.0171282291412353,Filter4,-4.0670273496177725,-1.7662875356886059,10.596634733096073,4.6020599913279625
40000,AnnData Not-Backed,0.0138342380523681,Filter4,-4.280608741176164,-1.859044755479633,10.596634733096073,4.6020599913279625
40000,AnnSql On-Disk,0.1513009071350097,Filter4,-1.8884846626009775,-0.8201584681265288,10.596634733096073,4.6020599913279625
40000,AnnData Backed,1.5521931648254397,Filter4,0.43966887588835246,0.19094576666291715,10.596634733096073,4.6020599913279625
40000,AnnSql In-Memory,0.0128931999206542,Filter5,-4.35105524453434,-1.8896392831574678,10.596634733096073,4.6020599913279625
40000,AnnData Not-Backed,0.0130088329315185,Filter5,-4.342126695975852,-1.8857616637871113,10.596634733096073,4.6020599913279625
40000,AnnSql On-Disk,0.1449604034423828,Filter5,-1.9312946535623203,-0.838750610971368,10.596634733096073,4.6020599913279625
40000,AnnData Backed,1.4346895217895508,Filter5,0.3609484646798759,0.15675792646192088,10.596634733096073,4.6020599913279625
40000,AnnSql In-Memory,0.0174331665039062,Filter6,-4.049380766190768,-1.7586237218818126,10.596634733096073,4.6020599913279625
40000,AnnData Not-Backed,0.0032792091369628,Filter6,-5.7201530024390435,-2.484230884601595,10.596634733096073,4.6020599913279625
40000,AnnSql On-Disk,0.1687488555908203,Filter6,-1.7793437309365214,-0.7727591637548756,10.596634733096073,4.6020599913279625
40000,AnnData Backed,0.373734712600708,Filter6,-0.9842090578543613,-0.4274365628653475,10.596634733096073,4.6020599913279625
45000,AnnSql In-Memory,0.0057353973388671,Filter1,-5.161098247650447,-2.2414364895151317,10.714417768752456,4.653212513775344
45000,AnnData Not-Backed,0.0052974224090576,Filter1,-5.240534914638362,-2.2759353956487693,10.714417768752456,4.653212513775344
45000,AnnSql On-Disk,0.0226104259490966,Filter1,-3.7893441539003776,-1.6456912560712806,10.714417768752456,4.653212513775344
45000,AnnData Backed,7.649866342544556,Filter1,2.034688176123012,0.8836538472840159,10.714417768752456,4.653212513775344
45000,AnnSql In-Memory,0.0098748207092285,Filter2,-4.617767124387268,-2.0054707808356373,10.714417768752456,4.653212513775344
45000,AnnData Not-Backed,0.0075490474700927,Filter2,-4.886333886582041,-2.1221078436794505,10.714417768752456,4.653212513775344
45000,AnnSql On-Disk,0.1398179531097412,Filter2,-1.9674140374723332,-0.8544370600932318,10.714417768752456,4.653212513775344
45000,AnnData Backed,3.2483339309692383,Filter2,1.1781422282737182,0.5116606686364771,10.714417768752456,4.653212513775344
45000,AnnSql In-Memory,0.0121870040893554,Filter3,-4.407385133590209,-1.914103043140654,10.714417768752456,4.653212513775344
45000,AnnData Not-Backed,0.0078547000885009,Filter3,-4.846643188970886,-2.1048703927240355,10.714417768752456,4.653212513775344
45000,AnnSql On-Disk,0.1483290195465088,Filter3,-1.9083223676158172,-0.8287738739480982,10.714417768752456,4.653212513775344
45000,AnnData Backed,1.8695809841156008,Filter3,0.6257143330930107,0.27174428211006785,10.714417768752456,4.653212513775344
45000,AnnSql In-Memory,0.0077002048492431,Filter4,-4.866508346678568,-2.1134977210986197,10.714417768752456,4.653212513775344
45000,AnnData Not-Backed,0.0100431442260742,Filter4,-4.6008650438183105,-1.9981303005118554,10.714417768752456,4.653212513775344
45000,AnnSql On-Disk,0.1433956623077392,Filter4,-1.9421476001741298,-0.8434639857972676,10.714417768752456,4.653212513775344
45000,AnnData Backed,1.8175756931304927,Filter4,0.5975035763976676,0.2594925061469651,10.714417768752456,4.653212513775344
45000,AnnSql In-Memory,0.0102097988128662,Filter5,-4.584407351909972,-1.9909828157311997,10.714417768752456,4.653212513775344
45000,AnnData Not-Backed,0.011855125427246,Filter5,-4.434994979407199,-1.9260938468251723,10.714417768752456,4.653212513775344
45000,AnnSql On-Disk,0.1479740142822265,Filter5,-1.910718599807995,-0.8298145443665199,10.714417768752456,4.653212513775344
45000,AnnData Backed,1.668424129486084,Filter5,0.5118795458865639,0.2223064621776771,10.714417768752456,4.653212513775344
45000,AnnSql In-Memory,0.016890525817871,Filter6,-4.08100241674228,-1.7723568302250068,10.714417768752456,4.653212513775344
45000,AnnData Not-Backed,0.0031580924987792,Filter6,-5.757787073273903,-2.50057515389673,10.714417768752456,4.653212513775344
45000,AnnSql On-Disk,0.1539325714111328,Filter6,-1.8712406204315808,-0.8126694757666529,10.714417768752456,4.653212513775344
45000,AnnData Backed,0.4181969165802002,Filter6,-0.8718028650893901,-0.37861917361576725,10.714417768752456,4.653212513775344
50000,AnnSql In-Memory,0.005681037902832,Filter1,-5.1706213335702245,-2.2455723131807814,10.819778284410283,4.698970004336019
50000,AnnData Not-Backed,0.006697654724121,Filter1,-5.0059978550399,-2.1740772448633434,10.819778284410283,4.698970004336019
50000,AnnSql On-Disk,0.0213687419891357,Filter1,-3.845826079463626,-1.6702210446706698,10.819778284410283,4.698970004336019
50000,AnnData Backed,9.628362655639648,Filter1,2.2647131859791747,0.9835524397642885,10.819778284410283,4.698970004336019
50000,AnnSql In-Memory,0.0071098804473876,Filter2,-4.946269850021774,-2.1481377018688814,10.819778284410283,4.698970004336019
50000,AnnData Not-Backed,0.0061888694763183,Filter2,-5.085002846071102,-2.20838867651101,10.819778284410283,4.698970004336019
50000,AnnSql On-Disk,0.1317882537841797,Filter2,-2.0265587824013758,-0.8801232964494904,10.819778284410283,4.698970004336019
50000,AnnData Backed,4.305218458175659,Filter2,1.4598278818130257,0.6339951935999095,10.819778284410283,4.698970004336019
50000,AnnSql In-Memory,0.0095138549804687,Filter3,-4.655006123839039,-2.02164347280914,10.819778284410283,4.698970004336019
50000,AnnData Not-Backed,0.0112459659576416,Filter3,-4.487745796180412,-1.9490032354656681,10.819778284410283,4.698970004336019
50000,AnnSql On-Disk,0.1352860927581787,Filter3,-2.0003635372763506,-0.868746846039589,10.819778284410283,4.698970004336019
50000,AnnData Backed,1.9610700607299805,Filter3,0.673490273618329,0.2924931094479515,10.819778284410283,4.698970004336019
50000,AnnSql In-Memory,0.0107374191284179,Filter4,-4.534020523395782,-1.969100094146882,10.819778284410283,4.698970004336019
50000,AnnData Not-Backed,0.0134191513061523,Filter4,-4.311072390410653,-1.8722749502408083,10.819778284410283,4.698970004336019
50000,AnnSql On-Disk,0.1385498046875,Filter4,-1.976525417363786,-0.858394082102614,10.819778284410283,4.698970004336019
50000,AnnData Backed,1.8532445430755613,Filter4,0.6169379100342698,0.26793273000480816,10.819778284410283,4.698970004336019
50000,AnnSql In-Memory,0.0108554363250732,Filter5,-4.5230892806906455,-1.9643527157596958,10.819778284410283,4.698970004336019
50000,AnnData Not-Backed,0.011819839477539,Filter5,-4.437975847676858,-1.9273884214659662,10.819778284410283,4.698970004336019
50000,AnnSql On-Disk,0.1381087303161621,Filter5,-1.9797140032141027,-0.8597788673424813,10.819778284410283,4.698970004336019
50000,AnnData Backed,1.6254644393920898,Filter5,0.4857935838028008,0.2109774727895613,10.819778284410283,4.698970004336019
50000,AnnSql In-Memory,0.0212242603302001,Filter6,-3.8526103963813605,-1.6731674360715247,10.819778284410283,4.698970004336019
50000,AnnData Not-Backed,0.0040085315704345,Filter6,-5.519330296639886,-2.3970146916321404,10.819778284410283,4.698970004336019
50000,AnnSql On-Disk,0.1527988910675048,Filter6,-1.87863265968767,-0.8158797976255846,10.819778284410283,4.698970004336019
50000,AnnData Backed,0.8651704788208008,Filter6,-0.14482870612705612,-0.06289830789216815,10.819778284410283,4.698970004336019
75000,AnnSql In-Memory,0.0068519115447998,Filter1,-4.983227608002335,-2.1641882522233553,11.225243392518447,4.8750612633917
75000,AnnData Not-Backed,0.0110385417938232,Filter1,-4.50636233074986,-1.9570882937013405,11.225243392518447,4.8750612633917
75000,AnnSql On-Disk,0.0203223228454589,Filter1,-3.8960353495443463,-1.6920266536071165,11.225243392518447,4.8750612633917
75000,AnnData Backed,22.952980995178223,Filter1,3.133447818928906,1.3608390970926036,11.225243392518447,4.8750612633917
75000,AnnSql In-Memory,0.0110843181610107,Filter2,-4.502223947863356,-1.9552910168497293,11.225243392518447,4.8750612633917
75000,AnnData Not-Backed,0.0103054046630859,Filter2,-4.575086796794899,-1.9869349500764486,11.225243392518447,4.8750612633917
75000,AnnSql On-Disk,0.2080402374267578,Filter2,-1.5700237688225915,-0.6818526592565982,11.225243392518447,4.8750612633917
75000,AnnData Backed,8.984463691711426,Filter2,2.195496829162051,0.953492157941165,11.225243392518447,4.8750612633917
75000,AnnSql In-Memory,0.0120363235473632,Filter3,-4.419826238940282,-1.9195061465429681,11.225243392518447,4.8750612633917
75000,AnnData Not-Backed,0.0133953094482421,Filter3,-4.312850674479947,-1.8730472491993588,11.225243392518447,4.8750612633917
75000,AnnSql On-Disk,0.1439208984375,Filter3,-1.938491446741918,-0.8418761385366664,11.225243392518447,4.8750612633917
75000,AnnData Backed,3.674724578857422,Filter3,1.3014781853277257,0.565224794205289,11.225243392518447,4.8750612633917
75000,AnnSql In-Memory,0.013012409210205,Filter4,-4.341851822187004,-1.8856422876173946,11.225243392518447,4.8750612633917
75000,AnnData Not-Backed,0.0161347389221191,Filter4,-4.126780634450828,-1.792238057567195,11.225243392518447,4.8750612633917
75000,AnnSql On-Disk,0.1475870609283447,Filter4,-1.9133370337454934,-0.8309517157768038,11.225243392518447,4.8750612633917
75000,AnnData Backed,2.695270299911499,Filter4,0.9914984961447436,0.43060232569103474,11.225243392518447,4.8750612633917
75000,AnnSql In-Memory,0.0119662284851074,Filter5,-4.425666889669819,-1.92204270892553,11.225243392518447,4.8750612633917
75000,AnnData Not-Backed,0.0164520740509033,Filter5,-4.1073037275966575,-1.7837793443958856,11.225243392518447,4.8750612633917
75000,AnnSql On-Disk,0.148012638092041,Filter5,-1.9104576163499647,-0.8297012006908294,11.225243392518447,4.8750612633917
75000,AnnData Backed,2.310186624526977,Filter5,0.8373283111088972,0.36364706505596334,11.225243392518447,4.8750612633917
75000,AnnSql In-Memory,0.0258843898773193,Filter6,-3.654115199417195,-1.5869620673456883,11.225243392518447,4.8750612633917
75000,AnnData Not-Backed,0.0048344135284423,Filter6,-5.33199545455035,-2.315656203444438,11.225243392518447,4.8750612633917
75000,AnnSql On-Disk,0.1640045642852783,Filter6,-1.8078610205374195,-0.7851440652673827,11.225243392518447,4.8750612633917
75000,AnnData Backed,0.6016159057617188,Filter6,-0.5081360675974121,-0.22068069021357384,11.225243392518447,4.8750612633917
100000,AnnSql In-Memory,0.0069549083709716,Filter1,-4.968307628248282,-2.1577085873460615,11.512925464970229,5.0
100000,AnnData Not-Backed,0.0758557319641113,Filter1,-2.578922006311647,-1.1200115966000115,11.512925464970229,5.0
100000,AnnSql On-Disk,0.0318613052368164,Filter1,-3.4463630074543863,-1.4967364367729354,11.512925464970229,5.0
100000,AnnData Backed,50.27947354316712,Filter1,3.9175969131653834,1.7013907217089388,11.512925464970229,5.0
100000,AnnSql In-Memory,0.0283303260803222,Filter2,-3.5638224551345723,-1.5477484267478439,11.512925464970229,5.0
100000,AnnData Not-Backed,0.0193333625793457,Filter2,-3.945923044380194,-1.7136926041891984,11.512925464970229,5.0
100000,AnnSql On-Disk,0.155545949935913,Filter2,-1.8608140930336294,-0.8081412924523096,11.512925464970229,5.0
100000,AnnData Backed,17.863163948059082,Filter2,2.882740712505527,1.251958384198999,11.512925464970229,5.0
100000,AnnSql In-Memory,0.0182886123657226,Filter3,-4.001476687925393,-1.737819245030499,11.512925464970229,5.0
100000,AnnData Not-Backed,0.0216920375823974,Filter3,-3.830810017458383,-1.6636996518018754,11.512925464970229,5.0
100000,AnnSql On-Disk,0.151418924331665,Filter3,-1.8877049502044518,-0.8198198433352462,11.512925464970229,5.0
100000,AnnData Backed,7.123874187469482,Filter3,1.9634517048937994,0.8527162409189091,11.512925464970229,5.0
100000,AnnSql In-Memory,0.0160679817199707,Filter4,-4.130926700152496,-1.794038671023038,11.512925464970229,5.0
100000,AnnData Not-Backed,0.0283100605010986,Filter4,-3.5645380427677615,-1.5480592025082565,11.512925464970229,5.0
100000,AnnSql On-Disk,0.1513309478759765,Filter4,-1.8882861326672111,-0.8200722476718014,11.512925464970229,5.0
100000,AnnData Backed,5.358679533004761,Filter4,1.6787175889494461,0.7290577855546758,11.512925464970229,5.0
100000,AnnSql In-Memory,0.0241034030914306,Filter5,-3.7254022413410106,-1.6179216362844073,11.512925464970229,5.0
100000,AnnData Not-Backed,0.019921064376831,Filter5,-3.9159775956813165,-1.700687461061159,11.512925464970229,5.0
100000,AnnSql On-Disk,0.1339113712310791,Filter5,-2.0105771065817604,-0.8731825428294648,11.512925464970229,5.0
100000,AnnData Backed,3.0708396434783936,Filter5,1.1219510237092971,0.4872571385626522,11.512925464970229,5.0
100000,AnnSql In-Memory,0.02821946144104,Filter6,-3.567743417040073,-1.5494512788671557,11.512925464970229,5.0
100000,AnnData Not-Backed,0.0099718570709228,Filter6,-4.607988446463778,-2.0012239549731565,11.512925464970229,5.0
100000,AnnSql On-Disk,0.2059848308563232,Filter6,-1.5799527495236554,-0.6861647607859941,11.512925464970229,5.0
100000,AnnData Backed,0.806199312210083,Filter6,-0.21542428142510783,-0.09355757669089752,11.512925464970229,5.0
250000,AnnSql On-Disk,0.0162715911865234,Filter1,-4.118334563730269,-1.7885699756594917,12.429216196844383,5.3979400086720375
250000,AnnData Backed,254.92350268363955,Filter1,5.540963510676659,2.406409877114143,12.429216196844383,5.3979400086720375
250000,AnnSql On-Disk,0.1403121948242187,Filter2,-1.9638853760200896,-0.8529045818960177,12.429216196844383,5.3979400086720375
250000,AnnData Backed,89.11844086647034,Filter2,4.489966281260121,1.9499675798829346,12.429216196844383,5.3979400086720375
250000,AnnSql On-Disk,0.1446878910064697,Filter3,-1.9331763322847104,-0.8395678136572169,12.429216196844383,5.3979400086720375
250000,AnnData Backed,26.55635714530945,Filter3,3.2792691595279435,1.4241685006585003,12.429216196844383,5.3979400086720375
250000,AnnSql On-Disk,0.1474952697753906,Filter4,-1.91395917303588,-0.8312219074375938,12.429216196844383,5.3979400086720375
250000,AnnData Backed,11.513897180557253,Filter4,2.4435547562638806,1.0612223468738489,12.429216196844383,5.3979400086720375
250000,AnnSql On-Disk,0.1486904621124267,Filter5,-1.9058885693860685,-0.8277168888068525,12.429216196844383,5.3979400086720375
250000,AnnData Backed,7.044468641281128,Filter5,1.9522427189832408,0.8478482401902222,12.429216196844383,5.3979400086720375
250000,AnnSql On-Disk,0.1832928657531738,Filter6,-1.6966700460440955,-0.7368544386074869,12.429216196844383,5.3979400086720375
250000,AnnData Backed,1.8126015663146973,Filter6,0.594763142764121,0.25830235094189374,12.429216196844383,5.3979400086720375
1000,Seurat,0.122000000000071,Filter1,-2.1037342342483,-0.913640169324999,6.90775527898214,3
1000,Seurat,0.0769999999999982,Filter2,-2.56394985712848,-1.11350927482753,6.90775527898214,3
1000,Seurat,0.0399999999999636,Filter3,-3.21887582486911,-1.39794000867243,6.90775527898214,3
1000,Seurat,0.0330000000001291,Filter4,-3.41124771751174,-1.48148606012041,6.90775527898214,3
1000,Seurat,0.0199999999999818,Filter5,-3.91202300542906,-1.69897000433641,6.90775527898214,3
1000,Seurat,0.00199999999995271,Filter6,-6.21460809844584,-2.69897000434629,6.90775527898214,3
5000,Seurat,0.494000000000142,Filter1,-0.705219761793927,-0.306273051076228,6.90775527898214,3
5000,Seurat,0.263000000000147,Filter2,-1.33560124680381,-0.580044251509999,6.90775527898214,3
5000,Seurat,0.15099999999984,Filter3,-1.89047544216827,-0.821023052707291,6.90775527898214,3
5000,Seurat,0.0879999999999654,Filter4,-2.43041846450432,-1.05551732785,6.90775527898214,3
5000,Seurat,0.0330000000001291,Filter5,-3.41124771751174,-1.48148606012041,6.90775527898214,3
5000,Seurat,0.00299999999992906,Filter6,-5.80914299033767,-2.52287874529061,6.90775527898214,3
10000,Seurat,1.05999999999995,Filter1,0.0582689081239243,0.0253058652647479,6.90775527898214,3
10000,Seurat,0.483999999999924,Filter2,-0.725670372265663,-0.315154638355656,6.90775527898214,3
10000,Seurat,0.263000000000147,Filter3,-1.33560124680381,-0.580044251509999,6.90775527898214,3
10000,Seurat,0.153999999999996,Filter4,-1.87080267656853,-0.812479279163547,6.90775527898214,3
10000,Seurat,0.0629999999998745,Filter5,-2.7646205525926,-1.20065945054728,6.90775527898214,3
10000,Seurat,0.00399999999990541,Filter6,-5.52146091788589,-2.39794000868231,6.90775527898214,3
15000,Seurat,1.38099999999986,Filter1,0.322807874427052,0.140193678578587,6.90775527898214,3
15000,Seurat,0.745000000000118,Filter2,-0.294371060602419,-0.127843727251638,6.90775527898214,3
15000,Seurat,0.391000000000076,Filter3,-0.939047718996576,-0.407823242604048,6.90775527898214,3
15000,Seurat,0.221000000000004,Filter4,-1.50959257746437,-0.655607726314882,6.90775527898214,3
15000,Seurat,0.0960000000000036,Filter5,-2.34340708751426,-1.01772876696042,6.90775527898214,3
15000,Seurat,0.00500000000010914,Filter6,-5.29831736652621,-2.3010299956545,6.90775527898214,3
20000,Seurat,1.98199999999997,Filter1,0.684106435907782,0.29710365014925,6.90775527898214,3
20000,Seurat,0.945999999999913,Filter2,-0.0555127099303511,-0.0241088635982473,6.90775527898214,3
20000,Seurat,0.528999999999996,Filter3,-0.636766847123845,-0.276544327964817,6.90775527898214,3
20000,Seurat,0.281999999999925,Filter4,-1.26584820804429,-0.549750891680754,6.90775527898214,3
20000,Seurat,0.118999999999915,Filter5,-2.12863178587133,-0.924453038607781,6.90775527898214,3
20000,Seurat,0.00599999999985812,Filter6,-5.11599580977773,-2.22184874962663,6.90775527898214,3
25000,Seurat,2.25400000000013,Filter1,0.812706415617643,0.352953911710113,6.90775527898214,3
25000,Seurat,1.17800000000011,Filter2,0.163818085229489,0.0711452904511237,6.90775527898214,3
25000,Seurat,0.629000000000133,Filter3,-0.463624022281485,-0.201349354554639,6.90775527898214,3
25000,Seurat,0.361000000000104,Filter4,-1.01887732064897,-0.442492798094217,6.90775527898214,3
25000,Seurat,0.157000000000153,Filter5,-1.85150947363286,-0.804100347590344,6.90775527898214,3
25000,Seurat,0.00700000000006185,Filter6,-4.96184512991799,-2.15490195998191,6.90775527898214,3
30000,Seurat,2.74300000000017,Filter1,1.00905221195553,0.438225807604556,6.90775527898214,3
30000,Seurat,1.43299999999999,Filter2,0.35977014884603,0.156246190397342,6.90775527898214,3
30000,Seurat,0.764999999999873,Filter3,-0.267879445155768,-0.116338564846455,6.90775527898214,3
30000,Seurat,0.41800000000012,Filter4,-0.872273846457093,-0.37882371822484,6.90775527898214,3
30000,Seurat,0.167999999999893,Filter5,-1.78379129957952,-0.774690718274415,6.90775527898214,3
30000,Seurat,0.00900000000001455,Filter6,-4.7105307016443,-2.04575749055997,6.90775527898214,3
35000,Seurat,3.31600000000003,Filter1,1.19875923727306,0.52061452187824,6.90775527898214,3
35000,Seurat,1.63300000000004,Filter2,0.490418813988351,0.212986184736678,6.90775527898214,3
35000,Seurat,0.881000000000085,Filter3,-0.126697653045861,-0.0550240915879099,6.90775527898214,3
35000,Seurat,0.495000000000118,Filter4,-0.703197516413208,-0.305394801066328,6.90775527898214,3
35000,Seurat,0.192000000000007,Filter5,-1.65025990695432,-0.716698771296434,6.90775527898214,3
35000,Seurat,0.0109999999999673,Filter6,-4.50986000618674,-1.95860731484307,6.90775527898214,3
40000,Seurat,3.904,Filter1,1.36200166855085,0.591509808994654,6.90775527898214,3
40000,Seurat,1.89899999999989,Filter2,0.641327431830089,0.278524964736992,6.90775527898214,3
40000,Seurat,1.12099999999987,Filter3,0.114221144089904,0.0496056125949217,6.90775527898214,3
40000,Seurat,0.573000000000093,Filter4,-0.556869562267236,-0.24184537803254,6.90775527898214,3
40000,Seurat,0.227000000000089,Filter5,-1.48280526150034,-0.643974142806707,6.90775527898214,3
40000,Seurat,0.0119999999999436,Filter6,-4.42284862919884,-1.92081875395442,6.90775527898214,3
45000,Seurat,4.06899999999996,Filter1,1.40339726901954,0.609487689853281,6.90775527898214,3
45000,Seurat,2.21100000000001,Filter2,0.793444901875315,0.344588742578716,6.90775527898214,3
45000,Seurat,1.26299999999992,Filter3,0.233489843368291,0.101403350555303,6.90775527898214,3
45000,Seurat,0.646000000000186,Filter4,-0.436955775199248,-0.189767482004791,6.90775527898214,3
45000,Seurat,0.25,Filter5,-1.38629436111989,-0.602059991327962,6.90775527898214,3
45000,Seurat,0.0119999999999436,Filter6,-4.42284862919884,-1.92081875395442,6.90775527898214,3
50000,Seurat,4.875,Filter1,1.58412010444981,0.687974620034556,6.90775527898214,3
50000,Seurat,2.4190000000001,Filter2,0.88335423162793,0.383635868361897,6.90775527898214,3
50000,Seurat,1.3900000000001,Filter3,0.329303747142672,0.143014800254126,6.90775527898214,3
50000,Seurat,0.704999999999927,Filter4,-0.349557476169972,-0.151810883008646,6.90775527898214,3
50000,Seurat,0.288999999999987,Filter5,-1.24132859086975,-0.539102157243471,6.90775527898214,3
50000,Seurat,0.0150000000001,Filter6,-4.19970507787326,-1.82390874094142,6.90775527898214,3
75000,Seurat,7.00700000000006,Filter1,1.94690964938841,0.845532117493579,6.90775527898214,3
75000,Seurat,3.49199999999996,Filter2,1.25047463797734,0.543074235033527,6.90775527898214,3
75000,Seurat,1.87999999999988,Filter3,0.631271776841795,0.274157849263652,6.90775527898214,3
75000,Seurat,1.04499999999985,Filter4,0.0440168854166264,0.0191162904470085,6.90775527898214,3
75000,Seurat,0.418999999999869,Filter5,-0.869884359060312,-0.37778597703384,6.90775527898214,3
75000,Seurat,0.0220000000001619,Filter6,-3.81671282561646,-1.6575773191746,6.90775527898214,3
100000,Seurat,11.348,Filter1,2.4290415169466,1.05491932712381,6.90775527898214,3
100000,Seurat,7.46000000000004,Filter2,2.00955541421567,0.872738827472671,6.90775527898214,3
100000,Seurat,3.65599999999995,Filter3,1.29636965359189,0.563006187061788,6.90775527898214,3
100000,Seurat,1.40099999999984,Filter4,0.337186267354756,0.146438135285725,6.90775527898214,3
100000,Seurat,0.631999999999607,Filter5,-0.458865884835901,-0.199282921717885,6.90775527898214,3
100000,Seurat,0.0329999999999018,Filter6,-3.41124771751863,-1.48148606012341,6.90775527898214,3
